"hostcode","hostalias"
"1F     ","ADDITIVE"
"1GAA   ","SPRAY ACTIVATOR"
"1GAA   ","SPREADING AGENT"
"1GAA   ","WETTING AGENT"
"1H     ","ACTIVATOR"
"1H     ","PENETRANT"
"1H     ","POST EMERGENT HERBICIDE"
"1H     ","SPREADING ADJUVANT"
"1H     ","SURFACTANT"
"1H     ","WETTING AGENT"
"1I     ","ADDITIVE"
"1M     ","ADDITIVE"
"1O     ","BORON BATH"
"1SC    ","ADDITIVE"
"1W     ","SPREADER"
"1W     ","SURFACTANT"
"2AAF   ","ANIMAL FEED BINS"
"2AAF   ","CEREAL GRAIN STORAGE ON FARM"
"2AAF   ","FEED MILL"
"2AAF   ","FLOUR MILL"
"2AAF   ","PRODUCE STORES"
"2AAF   ","SILO"
"2AAF   ","TRANSPORT EQUIPMENT"
"2AAF   ","WAREHOUSE PROCESSING PLANT"
"2IDPG  ","IN AND AROUND"
"2IDPG  ","PREMISES"
"A1     ","COMPANION ANIMAL"
"A1     ","PET ANIMAL"
"A10    ","AVIAN SPECIES"
"A10    ","EXOTIC ANIMALS"
"A10    ","REPTILES"
"A10    ","SMALL MAMMALS"
"A4     ","CATTLE"
"A4     ","HORSES"
"A4     ","SHEEP"
"AAQ    ","CRUSTACEA"
"AAQ    ","FISH"
"AAREA  ","CAT LIVING ENVIRONMENT"
"AAREA  ","DOG LIVING ENVIRONMENT"
"AB     ","AVIARY BIRD"
"AB     ","BREEDERS"
"AB     ","BROILERS"
"AB     ","BUDGERIGARS"
"AB     ","CANARIES"
"AB     ","CHICKENS"
"AB     ","CHOOKS"
"AB     ","DOMESTIC BIRDS"
"AB     ","DUCKS"
"AB     ","EMU"
"AB     ","FINCHES"
"AB     ","GEESE"
"AB     ","LAYERS"
"AB     ","OSTRICH"
"AB     ","PARROTS"
"AB     ","PET BIRD"
"AB     ","PIGEON"
"AB     ","POULT"
"AB     ","POULTRY"
"AB     ","TURKEY"
"AB     ","WILD BIRDS"
"AB     ","ZOOLOGICAL BIRD"
"ABD    ","AVIARY BIRD"
"ABD    ","BUDGERIGAR"
"ABD    ","CAGE BIRDS"
"ABD    ","CANARY"
"ABD    ","FINCH"
"ABD    ","PARROT"
"ABD    ","PIGEON"
"ABDB   ","CAGE BIRD"
"ABDF   ","LONCHURA SPP."
"ABDG   ","DOVES"
"ABDP   ","COCKATOO"
"ABDP   ","LORIKEET"
"ABDP   ","PSITTACINES"
"ABG    ","GOOSE"
"ABG    ","GOSLING"
"ABOR   ","AMAZON PARROT"
"ABOR   ","CAGED BIRD"
"ABOR   ","CANARY"
"ABOR   ","COCKATIEL"
"ABOR   ","COCKATOO"
"ABOR   ","CONURE"
"ABOR   ","FINCH"
"ABOR   ","LOVEBIRD"
"ABOR   ","MACAW"
"ABOR   ","ORNAMENTAL BIRD"
"ABOR   ","OTHER SMALL AND LARGE SPECIES"
"ABOR   ","PARAKEET"
"ABP    ","BREEDERS"
"ABP    ","BROILER"
"ABP    ","CHICKENS"
"ABP    ","CHICKS"
"ABP    ","CHOOKS"
"ABP    ","DAY OLD CHICKS"
"ABP    ","FATTENING"
"ABP    ","HATCHLINGS"
"ABP    ","HENS LAYING"
"ABP    ","LAYERS"
"ABP1   ","CHICKS OF VACCINATED HENS"
"ABP8   ","LESS THAN 8 WEEKS"
"ABP8   ","UP TO 8 WEEKS"
"ABPB   ","CHICKENS"
"ABPB   ","CHOOKS"
"ABPB   ","LAYERS"
"ABPC   ","CHICKENS"
"ABPC   ","DAY OLD CHICKS"
"ABPC   ","HATCHLINGS"
"ABPL   ","CAGED LAYERS"
"ABPL   ","CHICKENS"
"ABPL   ","CHOOKS"
"ABPL   ","HEN"
"ABPP   ","BREEDING PULLETS"
"ABPP   ","CHICKENS"
"ABPP   ","GROWING CHOOKS"
"ABPP   ","IMMATURE CHOOKS"
"ABPP   ","LAYING PULLETS"
"ABPP   ","YOUNG CHOOKS"
"ABPPLR ","LAYING"
"ABPPLR ","LAYING REPLACEMENT"
"ABPPR  ","CHICKEN"
"ABPPR1 ","CHICKEN"
"ABPR   ","CHICKENS"
"ABPR   ","CHOOKS"
"ABPR   ","MEAT BIRDS"
"ABPX   ","CHICKEN"
"ABT    ","BREEDER"
"ABT    ","BROILER BREEDER"
"ABT    ","FOR FATTENING"
"ABTP   ","TURKEYS - DAY OLD POULTS"
"ABTP   ","YOUNG TURKEY"
"ABU    ","DOMESTIC DUCKS"
"ABU    ","DUCKLING"
"ABU    ","WATER FOWL"
"AC     ","BEEF"
"AC     ","BOS INDICUS"
"AC     ","BOS TAURUS"
"AC     ","BOVINE"
"AC     ","BUFFALO"
"AC     ","BULL"
"AC     ","BULLOCK"
"AC     ","CALF"
"AC     ","COW"
"AC     ","DAIRY COW"
"AC     ","HEIFER"
"AC     ","STEER"
"AC1    ","BOVINE"
"ACA    ","BOVINE"
"ACB    ","BOVINE"
"ACB    ","MALE CATTLE"
"ACBW   ","BOVINE"
"ACBW   ","CATTLE - BEEF"
"ACCA   ","BEEF CALF"
"ACCA   ","BOVINE"
"ACCA   ","CALF - PODDY"
"ACCA   ","CALF - PREWEANING"
"ACCA   ","CALF - SUCKER"
"ACCA   ","DAIRY CALF"
"ACCA   ","NEONATAL CALF"
"ACCA12 ","BOVINE"
"ACCA50 ","BOVINE"
"ACCO   ","BOVINE"
"ACCO   ","FEMALE CATTLE"
"ACCOL  ","BOVINE"
"ACCONP1","BOVINE"
"ACCONP1","COW PREGNANT NOT WITHIN 1"
"ACCONP1","MONTH OF CALVING"
"ACCONP3","BOVINE"
"ACCONP3","COW PREGNANT NOT WITHIN 35"
"ACCONP3","DAYS OF CALVING"
"ACCP   ","BOVINE"
"ACCP   ","PREGNANT COW"
"ACCPFC ","BOVINE"
"ACCPFC ","CALVES"
"ACCPS","Second , Third Trimester "
"ACCTU  ","BOVINE"
"ACD    ","BOVINE"
"ACD    ","BREEDERS"
"ACD    ","CALVES"
"ACD    ","DAIRY COW"
"ACD    ","GROWERS"
"ACD    ","LACTATING COW"
"ACD    ","MILKING COW"
"ACDDD  ","BOVINE"
"ACDDD  ","COW"
"ACDDE  ","BOVINE"
"ACDDE  ","DAIRY COW - DRY"
"ACDDE  ","DAIRY COW - NOT LACTATING"
"ACDDE  ","DAIRY COW - NOT PREGNANT"
"ACDDE  ","HEIFER"
"ACDL   ","BOVINE"
"ACDL   ","MILKING COW"
"ACDLP  ","BOVINE"
"ACDLP  ","MILKING COW PREGNANT"
"ACE    ","BOVINE"
"ACE    ","BULLOCKS"
"ACE    ","BULLS"
"ACE    ","CALVES"
"ACE    ","COWS"
"ACE    ","FEEDLOT CATTLE"
"ACE    ","GROWERS"
"ACE    ","HEIFER SPEYED"
"ACE    ","HEIFERS (MEAT ONLY)"
"ACE    ","PODDY CALF"
"ACE    ","STEERS"
"ACE    ","VEAL"
"ACE    ","WEANER (MEAT ONLY)"
"ACF    ","BOVINE"
"ACF    ","WATER BUFFALO"
"ACFE   ","LIVE EXPORT CATTLE"
"ACFL   ","BEEF"
"ACFL   ","BOVINE"
"ACFL   ","DAIRY COW"
"ACFLL  ","COWS"
"ACG1","Calf older than 5 months, between 200-400kg liveweight"
"ACH    ","BOVINE"
"ACH    ","COW YOUNG"
"ACH3   ","BOVINE"
"ACHEF","Cows "
"ACHEF","Heifers"
"ACHP   ","BOVINE"
"ACHS   ","BEEF"
"ACHS   ","BOVINE"
"ACHS   ","NEUTERED YOUNG COW"
"ACHV   ","BOVINE"
"ACNDL  ","BOVINE"
"ACS    ","BEEF"
"ACS    ","BOVINE"
"ACS    ","BULLOCK (YOUNG)"
"ACS    ","MALE CATTLE - CASTRATED"
"ACS3   ","BOVINE"
"ACS6   ","BOVINE"
"ACY    ","BOVINE"
"ACY    ","BULL"
"ACY    ","CALF"
"ACY    ","COW"
"AD     ","BITCH"
"AD     ","CASTRATE"
"AD     ","PUPPY"
"AD4W   ","PUPPY AND OLDER"
"ADF    ","BITCH"
"ADF    ","CASTRATE"
"ADG    ","RACING GREYHOUND"
"ADM    ","CASTRATE"
"ADS    ","DOG - SMALL"
"ADS    ","DOG - TOY"
"ADVS   ","2-4.5KG"
"ADW    ","FOX HOLE"
"ADW    ","NATAL DEN"
"AE     ","DOE"
"AE     ","FALLOW DEER"
"AE     ","RED DEER"
"AE     ","SIKA DEER"
"AE     ","STAG"
"AEF    ","FEMALE DEER"
"AF     ","CAT - QUEEN"
"AF     ","CAT - TOM"
"AF     ","KITTEN"
"AF1    ","KITTEN AND OLDER"
"AF2    ","CAT > 2 WEEKS OLD"
"AF4    ","CAT > 4 WEEKS OLD"
"AF6    ","CAT - OVER 24 WEEKS OLD"
"AFF    ","CASTRATE"
"AFF    ","CAT - QUEEN"
"AFK    ","YOUNG CAT"
"AFK3   ","YOUNG CAT"
"AFM    ","CASTRATE"
"AFM    ","CAT - TOM"
"AFZ    ","CHEETAH"
"AFZ    ","LION"
"AFZ    ","PANTHER"
"AFZ    ","TIGER"
"AG     ","BILLY"
"AG     ","BUCK"
"AG     ","CAPRA HIRCUS"
"AG     ","DOE"
"AG     ","KID"
"AGB    ","BILLY"
"AGB    ","MALE GOAT"
"AGBU1","Storage sheds, Milking sheds, Poultry sheds, Barns, Kennels and Stables."
"AGD    ","FEMALE GOAT"
"AGK    ","YOUNG GOAT"
"AGWS","Such as fencing, pergola woods, decking, weatherboards, railings, outdoor furniture, engineered/laminated wood, thermally modified wood, log homes, joinery, shakes/shingles"
"AH     ","COLT"
"AH     ","DONKEY"
"AH     ","ENDURANCE HORSE"
"AH     ","FILLY"
"AH     ","FOAL"
"AH     ","GELDING"
"AH     ","HIGH PERFORMANCE HORSES"
"AH     ","HORSES AT STUD"
"AH     ","MARE"
"AH     ","PACER"
"AH     ","POLO"
"AH     ","PONY"
"AH     ","RACE HORSES"
"AH     ","SHOW HORSES"
"AH     ","STALLION"
"AH     ","TRAVELLING HORSES"
"AHC    ","HORSE - ENTIRE"
"AHC    ","HORSE - YOUNG MALE"
"AHFI   ","HORSE - YOUNG FEMALE"
"AHG    ","MALE HORSE - CASTRATED"
"AHM    ","FEMALE HORSE"
"AHML   ","LACTATING HORSE"
"AHN    ","PONY - HIGHLAND"
"AHN    ","PONY - SHETLAND"
"AHN    ","PONY - WELSH"
"AHS    ","BREEDING"
"AHS    ","ENTIRE"
"AHS    ","MALE HORSE - STALLION"
"AHU    ","PONY"
"AHY    ","HORSE - YEAR OLD"
"AHY    ","YOUNG HORSE"
"AIA    ","ORNAMENTAL FISH"
"AIA    ","ORNAMENTAL FISH POND"
"AIA    ","TROPICAL FISH"
"AIAF   ","COLD WATER"
"AIAF   ","TROPICAL"
"AIFT   ","TILAPIA FISH"
"ALPC   ",""
"AM     ","KANGAROO"
"AM     ","KOALA"
"AM     ","NATIVE ANIMAL"
"AM     ","POSSUM"
"AM     ","WALLABY"
"AM     ","WILD ANIMAL"
"AM     ","WOMBAT"
"AM     ","ZOO ANIMAL"
"AMKA   ","GREY KANGAROO"
"AMKA   ","JOEY"
"AMKA   ","POUCH YOUNG"
"AMKA   ","RED KANGAROO"
"AMS    ","SMALL MAMMAL"
"ANMO   ","ANT NEST"
"ANMO   ","DOMESTIC SITUATIONS"
"ANMO   ","SPOT APPLICATION"
"AP     ","BOAR"
"AP     ","FOR FATTENING"
"AP     ","GILT"
"AP     ","PIGLET"
"AP     ","SOW"
"AP     ","SWINE"
"APB    ","MALE PIG"
"APCV","Late Winter/early Spring"
"APG    ","GROWER FINISHER PIG"
"APG    ","PIG GROWER/FINISHER"
"APKG5  ","UP TO 20 KG LIVEWEIGHT"
"APKG6  ","UP TO 40 KG LIVE WEIGHT"
"APKG7  ","UP TO 35KG LIVEWEIGHT"
"APP    ","NEONATAL PIGLET"
"APP    ","NEW BORN PIG"
"APP    ","SUCKER PIG"
"APS    ","FEMALE PIG"
"APSL   ","LACTATING SOW"
"APSP   ","PREGNANT PIG"
"AQL    ","GOANNA"
"AQL    ","SKINKS"
"AR     ","GERBILS"
"AR     ","GUINEA PIG"
"AR     ","HAMSTERS"
"AR     ","MOUSE"
"AR     ","RABBIT"
"AR     ","RAT"
"ARM    ","MOUSE"
"ARO    ","ORNAMENTAL RODENT"
"ARP    ","GUINEA PIG - ADULT"
"ARR    ","ANGORA"
"ARR    ","BUNNY"
"ARR    ","LOP EARED"
"ARRP   ","ANGORA"
"ARRP   ","BUNNY"
"ARRP   ","LOP EARED"
"AS     ","EWE"
"AS     ","HOGGET"
"AS     ","LAMB"
"AS     ","OVINE"
"AS     ","RAM"
"AS     ","WEANER"
"AS     ","WETHER"
"AS1    ","EWE"
"AS1    ","OVINE"
"AS1    ","RAM"
"AS2    ","OVINE"
"ASE    ","FEMALE SHEEP"
"ASE    ","OVINE"
"ASED   ","OVINE"
"ASEL   ","OVINE"
"ASEM","Sheep"
"ASEP   ","LAMBING EWES"
"ASEP   ","MAIDEN EWES"
"ASEP   ","OVINE"
"ASEP   ","PREGNANT SHEEP"
"ASH    ","LAMB"
"ASH    ","OVINE"
"ASH    ","YOUNG SHEEP"
"ASL    ","OVINE"
"ASL12  ","OVINE"
"ASLO2  ","OVINE"
"ASLU   ","OVINE"
"ASLU2  ","OVINE"
"ASLU4","lamb"
"ASM    ","OVINE"
"ASOS   ","OVINE"
"ASR    ","OVINE"
"ASRW   ","CASTRATED MALE"
"ASRW   ","OVINE"
"ASW    ","OVINE"
"ASWL   ","OVINE"
"ASWL   ","UNSHORN"
"ASWS   ","OVINE"
"ASWS   ","SHEEP - OFF SHEARS"
"ASWS   ","SHEEP - SHORN"
"AW     ","CAPTIVE ANIMAL"
"AW     ","MARSUPIALS (NOT)"
"AW     ","NATIVE ANIMAL"
"AW     ","WILD ANIMAL"
"AZ     ","CAPTIVE ANIMALS"
"AZ     ","EXOTIC ANIMALS"
"AZ     ","REHABILITATION OF ZOO ANIMALS"
"AZ     ","WILD ANIMALS"
"BERR","INCLUDING RASPBERRIES, BLACKBERRIES, BLUEBERRIES, DEWBERRIES CURRANTS"
"CABA","except chinese cabbage"
"CFRT","Araucaria, Corymbia, Eucalyptus and Pinus species"
"CGOS","Chrysanthemums, Bouvardia, Rhododendron, Camellia Japonica, Eucalyptus Spp., Grevillea Spp., Zonal Geranium, Marigold, Geraldton Wax Flower"
"CHIPOS","Pre Emergence"
"CHLEV","Bok Choy, Choy Sum, Chinese Cabbage"
"CUTOI  ","COOLANT TANK"
"DCIB","eg hospitals, aged care facilities, schools, food processing areas, offices, shops, motels, ships"
"DCIP1","Food processing establishments, Shops, Factories, Hotels and Motels, Ships, Shipping containers, "
"DCIP1","Offices, Schools, Storerooms, Warehouses, Hospitals, Barracks, Private houses, and External areas associated with such establishments."
"DCIPS","Factories, Hospitals, Homes, Retail Outlets and Farm Buildings"
"DCST   ","ACTIVE ANT TRAILS"
"DCST   ","COMMERCIAL TURF"
"DCST   ","COMMERCIAL TURF FARMS"
"DCST   ","DOMESTIC TURF"
"DCST   ","ORNAMENTAL GARDEN BEDS"
"DCST   ","ORNAMENTAL POTTED PLANTS"
"DCST   ","RECREATIONAL TURF"
"DIRTIM ","EG. STUMPS, FENCE-POSTS, POLES"
"DIRTIM ","GROUND"
"DIRTIM ","TIMBER IN DIRECT CONTACT WITH"
"DISEQ","Tools, gloves, bulk-bins"
"DPSA","Aged care facility"
"DUCTE  ","REFER TO LABEL"
"EFDR1","Edible flowers: Dianthus, roses"
"EGPS1","Tolerant Grass species (Perennial phalaris & cocksfoot stands greater than 1 year old"
"FAPP","Post-planting"
"FAPP","Pre-planting"
"FBNB   ","BLACKBERRY"
"FBNB   ","BLUEBERRY"
"FBNB   ","BOYSENBERRY"
"FBNB   ","CURRANT"
"FBNB   ","GOOSEBERRY"
"FBNB   ","LOGANBERRY"
"FBNB   ","RASPBERRY"
"FC1    ","BARLEY COVER CROP"
"FC1    ","COVER CROPS IN VINEYARDS"
"FC1    ","FIELD PEAS COVER CROP"
"FC1    ","OATS COVER CROP"
"FC1    ","OATS/FIELD PEAS MIX COVER CROP"
"FC1    ","RYE COVER CROP"
"FC2PS  ","CROP STUBBLE OR OTHER"
"FC2PS  ","SIMILAR GROUND COVER"
"FC2PS  ","STUBBLE OF HARVESTED CROP"
"FCB    ","KALE"
"FCCPE  ","CAVALCADE"
"FCCPE  ","PRE-EMERGENCE TO WEEDS"
"FCF    ","GRAZING SORGHUM"
"FCFB   ","GRASS PASTURES"
"FCFB   ","INCLUDING UNDERSOWN WITH"
"FCFB   ","KALE"
"FCFB   ","RAPE"
"FCFB   ","SWEDE"
"FCFB   ","TURNIP"
"FCFSE  ","POST-EMERGENCE"
"FCFSE  ","PRE-EMERGENCE"
"FCFSE  ","PRE-EMERGENCE TO WEEDS"
"FCG    ","BARLEY"
"FCG    ","CORN"
"FCG    ","MAIZE"
"FCG    ","MILLET"
"FCG    ","OATS"
"FCG    ","RICE"
"FCG    ","RYE"
"FCG    ","SORGHUM"
"FCG    ","TRITICALE"
"FCG    ","WHEAT"
"FCGA   ","Pre-emergence, pre-emergence through to 3 leaf, post-sowing"
"FCGA4  ","INCORPORATED BY SOWING (I.B.S)"
"FCGAC  ","SUBTERRANEAN CLOVER"
"FCGAE  ","BARLEY - MEDIC UNDERSOWN"
"FCGAEF ","(Z37)"
"FCGAPH","(Hordeum vulgare L.)"
"FCGAPP ","SELF MULCHING SOIL"
"FCGAQ  ","LOTUS SEED OR FORAGE CROP"
"FCGAU  ","BARLEY - CLOVER UNDERSOWN"
"FCGAU  ","BARLEY - LUCERNE UNDERSOWN"
"FCGAU  ","BARLEY - MEDIC UNDERSOWN"
"FCGB   ","Sweet Corn "
"FCGB1  ","POPCORN"
"FCGBD  ","CORN"
"FCGBI  ","CORN"
"FCGBNW ","CORN"
"FCGBP  ","CORN"
"FCGBPE ","CORN"
"FCGD7  ","SUBTERRANEAN CLOVER"
"FCGDB  ","OATS - CLOVER UNDERSOWN"
"FCGDB  ","OATS - LUCERNE UNDERSOWN"
"FCGDC  ","OATS - MEDIC UNDERSOWN"
"FCGDI  ","OATS - CLOVER UNDERSOWN"
"FCGDI  ","OATS - LUCERNE UNDERSOWN"
"FCGDI  ","OATS - MEDIC UNDERSOWN"
"FCGDL  ","LOTUS SEED OR FORAGE CROP"
"FCGE   ","COMBINE SOWN"
"FCGE4  ","POST-PLANT AND FLUSHING"
"FCGEAS1","LONG GRAIN VARIETIES"
"FCGEAS1","PARAGON VARIETY"
"FCGF3  ","RYE - CLOVER UNDERSOWN"
"FCGF3  ","RYE - LUCERNE UNDERSOWN"
"FCGF3  ","RYE - MEDIC UNDERSOWN"
"FCGFE  ","(Z37)"
"FCGFL  ","LOTUS SEED OR FORAGE CROP"
"FCGGR  ","ANNUAL RYEGRASS"
"FCGH11 ","CLEARFIELD TECHNOLOGY"
"FCGH11 ","WHEAT VARIETIES ONLY"
"FCGH113","POST-EMERGENCE"
"FCGH113","SINGLE GENE"
"FCGH12 ","DO NOT USE ON CL STL AND CL"
"FCGH12 ","JNZ WHEAT VARIETIES"
"FCGH13","DO NOT USE ON CL, STL AND CL JNZ WHEAT VARIETIES"
"FCGH5  ","FROM 3 LEAF TO EARLY TILLERING"
"FCGH5  ","LATE POST EMERGENT APPLICATION"
"FCGH9  ","SOIL"
"FCGHB  ","WHEAT - CLOVER UNDERSOWN"
"FCGHB  ","WHEAT - LUCERNE UNDERSOWN"
"FCGHC  ","SUBTERRANEAN CLOVER"
"FCGHF  ","WHEAT - MEDIC UNDERSOWN"
"FCGHL  ","LOTUS SEED OR FORAGE CROP"
"FCGHP1 ","INCORPORATED BY SOWING (I.B.S)"
"FCGHU  ","WHEAT - CLOVER UNDERSOWN"
"FCGHU  ","WHEAT - LUCERNE UNDERSOWN"
"FCGHU  ","WHEAT - MEDIC UNDERSOWN"
"FCGI1  ","A TOP UP APPLICATION FOLLOWING"
"FCGI1  ","PRE-EMERGENT APPLICATION"
"FCGI3  ","FALLOW/PRIOR TO PLANTING"
"FCGJB  ","TRITICALE - CLOVER UNDERSOWN"
"FCGJB  ","TRITICALE - LUCERNE UNDERSOWN"
"FCGJEF ","(Z37)"
"FCGJI2 ","INCORPORATED BY SOWING (I.B.S)"
"FCGJL  ","LOTUS SEED OR FORAGE CROP"
"FCGJPP ","SELF MULCHING SOIL"
"FCGJSL ","TRITICALE CV. COORONG"
"FCGJU  ","TRITICALE - CLOVER UNDERSOWN"
"FCGJU  ","TRITICALE - LUCERNE UNDERSOWN"
"FCGJU  ","TRITICALE - MEDIC UNDERSOWN"
"FCGK2  ","CEREAL - CLOVER UNDERSOWN"
"FCGK2  ","CEREAL - LUCERNE UNDERSOWN"
"FCGKK  ","CLOVER"
"FCGKSL ","SUB CLOVER"
"FCGKSL ","SUBTERRANEAN CLOVER"
"FCGL1  ","GRAIN SORGHUM"
"FCGLA  ","CONSERVATION TILLAGE SYSTEM"
"FCGLA  ","SEED BED PREPARATION"
"FCGLA  ","TILLAGE"
"FCGLC  ","Including lupins, chickpeas, lentils, field peas, faba beans, navy beans"
"FCGLC1 ","LEGUME"
"FCGLC1 ","PRIOR TO DIRECT DRILLING"
"FCGLC1 ","PRIOR TO DIRECT SOWING"
"FCGLG  ","GRAIN SORGHUM"
"FCGLS  ","SEED"
"FCGP   ","CULTIVATION SOWING WITH A"
"FCGP   ","FULL SOIL DISTRUBANCE BY"
"FCGP   ","TYNED IMPLEMENT"
"FCGP1  ","MINIMAL OR NO SOIL DISTURBANCE"
"FCGPF  ","FORAGE CROPS"
"FCGPF  ","PASTURE"
"FCGW   ","BARLEY"
"FCGW   ","OATS"
"FCGW   ","TRITICALE"
"FCGW   ","WHEAT"
"FCGW2  ","INCLUDING WHEAT, BARLEY &"
"FCGW2  ","TRITICALE"
"FCGW4  ","CROP STAGE: 2 LEAF TO 1ST NODE"
"FCGWC  ","WEED CONTROL"
"FCLE   ","CROP STUBBLE OR OTHER"
"FCLE   ","HARVESTED CROP PRIOR TO SOWING"
"FCLLV  ","IMMATURE PODS ONLY"
"FCLLV  ","REFER TO LABEL FOR INCLUSIONS"
"FCLLV  ","SUCCULENT SEED PODS ONLY"
"FCLPPS ","LEGUME BASED PASTURE"
"FCLV","Green beans, green peas, sugarsnap peas, snow peas"
"FCME1  ","AUTUMN/EARLY WINTER"
"FCME1  ","LATE WINTER/EARLY SPRING"
"FCMED  ","AUTUMN/EARLY WINTER"
"FCMED  ","LATE WINTER/EARLY SPRING"
"FCMEE  ","POST-EMERGENCE"
"FCMEE  ","PRE-EMERGENCE"
"FCMEE  ","PRE-EMERGENCE TO WEEDS"
"FCOB   ","CHOU MOELLIER"
"FCOB   ","KALE"
"FCOB   ","MARROW STEM KALE"
"FCOCP  ","CROP STUBBLE OR OTHER"
"FCOCP  ","SIMILAR GROUND COVER"
"FCOE   ","RAPESEED"
"FCOE1  ","RAPESEED"
"FCOE2  ","RAPESEED"
"FCOE3  ","CANOLA - TRIAZINE TOLERANT"
"FCOE3  ","POST SOWING/PRE EMERGENCE ONLY"
"FCOE5  ","CANOLA:2 LEAF TO EARLY BOLTING"
"FCOE6  ","SEED PRODUCTION ONLY"
"FCOE7  ","RAPESEED"
"FCOEC  ","CONVENTIONAL"
"FCOEC  ","RAPESEED"
"FCOEC  ","TT"
"FCOEC  ","VARIETIES"
"FCOEC2 ","PRIOR TO DIRECT DRILLING"
"FCOEC2 ","PRIOR TO DIRECT SOWING"
"FCOECF ","CROP STUBBLE OR OTHER"
"FCOECF ","HARVESTED CROP PRIOR TO SOWING"
"FCOECF ","IMIDAZALINONE TOLERANT CANOLA"
"FCOECF ","IT CANOLA"
"FCOECF ","RAPESEED"
"FCOECF ","SIMILAR GROUND COVER"
"FCOEI  ","PIONEER 44C73"
"FCOEI  ","PIONEER 45C75"
"FCOEI1 ","PRE EMERGENCE USE"
"FCOEP  ","RAPESEED"
"FCOEP  ","SUBBLE OF HARVESTED CROP"
"FCOEPH ","CLEARFIELD*"
"FCOEPH ","INCLUDING CONVENTIONAL "
"FCOEPH ","ROUNDUP READY"
"FCOEPH ","TRIAZINE TOLERANT"
"FCOES  ","RAPESEED"
"FCOET  ","TRIAZINE TOLERANT (TT) CANOLA"
"FCOET1 ","CANOLA - TRIAZINE TOLERANT"
"FCOET1 ","POST SOWING/PRE EMERGENCE ONLY"
"FCOET2 ","CANOLA - TRIAZINE TOLERANT"
"FCOET2 ","POST SOWING/PRE EMERGENCE ONLY"
"FCOET3 ","SPLIT APPLICATION"
"FCOET3 ","TRIAZINE TOLERENT SPECIES"
"FCOKL  ","CHOU MOULLIER"
"FCOKL  ","KALE"
"FCOKL  ","MUSTARD"
"FCOKL  ","RAPE"
"FCOKP  ","RAPESEED"
"FCOLL  ","LINOLA"
"FCOSG  ","SEEDLING"
"FCOSL  ","CANOLA"
"FCOSL  ","COTTON"
"FCOSL  ","LINSEED"
"FCOSL  ","MUSTARD"
"FCOSL  ","PEANUT"
"FCOSL  ","POPPY"
"FCOSL  ","SAFFLOWER"
"FCOSL  ","SUNFLOWER"
"FCOT1","PSPE, TT or Triazine Tolerant varieties"
"FCOTT","PSPE"
"FCOTT","TT or Triazine Tolerant varieties"
"FCOV   ","DRUG POPPY"
"FCOV   ","OILSEED POPPY"
"FCOV   ","OPIUM POPPY"
"FCP2   ","ALMA"
"FCP2   ","BONZER"
"FCP2   ","DUN"
"FCP2   ","DUNDALE"
"FCP2   ","EARLY DUN"
"FCP2   ","LAURA"
"FCP2   ","WIRREGA"
"FCPE   ","PULSE"
"FCPK   ","PULSE"
"FCPK2  ","INCORPORATED BY SOWING (I.B.S)"
"FCPK6  ","DESI VARIETIES"
"FCPKP  ","PULSE"
"FCPKT  ","PSPE"
"FCPKT  ","PULSE"
"FCPKV  ","AMETHYST"
"FCPKV  ","BARWON"
"FCPKV  ","DESAVIC"
"FCPKV  ","DESI VARIETY"
"FCPKV  ","DOOEN"
"FCPKV  ","GARBANZO TYPES"
"FCPKV  ","GARNET"
"FCPKV  ","KABULI VARIETY"
"FCPKV  ","KANIVA"
"FCPKV  ","MACAREENA"
"FCPKV  ","NARAYEN"
"FCPKV  ","NORWIN"
"FCPKV  ","OPAL"
"FCPKV  ","SEMSEN"
"FCPKV  ","TYSON"
"FCPO   ","FORAGE SORGHUM"
"FCPOD  ","FORAGE SORGHUM"
"FCPOI  ","FORAGE SORGHUM"
"FCPP   ","PULSE"
"FCPU   ","SUMMER"
"FCPU   ","WINTER"
"FCS    ","INTER-ROW SPRAYING"
"FCS    ","RATOON SUGAR CANE"
"FCS    ","SUGARCANE"
"FCS2   ","SUGARCANE SETTS"
"FCS3   ","SUGARCANE"
"FCSD   ","SPOT SPRAYING"
"FCSD   ","SUGARCANE"
"FCSDE  ","REFER TO LABEL"
"FCSE   ","SUGARCANE"
"FCSES  ","SUGARCANE"
"FCSI   ","PURPLE BEAN"
"FCSIS  ","WEED CONTROL INTER-ROW"
"FCSLS  ","SUGARCANE"
"FCSN   ","RATOON SUGAR CANE"
"FCSN   ","SUGARCANE"
"FCSO   ","POST-HARVEST"
"FCSO   ","PRE-HARVEST"
"FCSP   ","SUGARCANE"
"FCSPF  ","RATOONS"
"FCSPL  ","AFTER CROP CANOPY CLOSURE"
"FCSPT  ","SUGARCANE"
"FCSR   ","RATOON SPRAYOUT"
"FCSW   ","RATOON SUGAR CANE"
"FCSW   ","SUGARCANE"
"FCTH   ","TOBACCO BULK SHED"
"FCY    ","BLACKBERRY"
"FCY    ","BLACKCURRANT"
"FCY    ","BLUEBERRY"
"FCY    ","BOYSENBERRY"
"FCY    ","CLOUDBERRY"
"FCY    ","CRANBERRY"
"FCY    ","CURRANT"
"FCY    ","GOOSEBERRY"
"FCY    ","LOGANBERRY"
"FCY    ","RASPBERRY"
"FCY    ","REDCURRANT"
"FCY    ","STRAWBERRY"
"FD     ","DOG - WORKING DOG"
"FEAT   ","REFER TO LABEL"
"FF","Chewings"
"FF","Creeping Red"
"FF","Hard"
"FF","Sheeps"
"FLWCLF","pinus ellioti"
"FMCEY  ","SEEDLING"
"FOODM","Factories"
"FPLT","INCLUDING EUCALYPTUS SPP, CORYMBIA MACULATA AND PINUS RADIATA"
"FPLT1"," INCLUDING EUCALYPTUS GLOBULUS, E. REGNANS AND E. NITENS, 12 MONTHS POST PLANTING, TREE RELEASE APPLICATION, PASTURE SITES NATIVE WOODLAND, HEATH AND SECOND ROTATION SITES, LONG TERM CONTRO"
"FPLT2"," INCLUDING EUCALYPTUS GLOBULUS, E. REGNANS AND E. NITENS, 12 MONTHS POST PLANTING, TREE RELEASE APPLICATION, PASTURE SITES NATIVE WOODLAND, HEATH AND SECOND ROTATION SITES, LONG TERM CONTROL"
"FPLT3"," INCLUDING EUCALYPTUS GLOBULUS AND E. NITENS, 2 MONTHS POST PLANTING, TREE RELEASE"
"FPLT4","INCLUDING EUCALYPTUS GLOBULUS AND E. NITENS, 2 MONTHS POST PLANTING, TREE RELEASE"
"FPLTI","INCLUDING EUCALYPTUS GLOBULUS, E. REGNANS AND E. NITENS, 12 MONTHS POST PLANTING, TREE RELEASE APPLICATION, PASTURE SITES NATIVE WOODLAND, HEATH AND SECOND ROTATION SITES, LONG TERM CONTROL"
"FRAA   ","APPLE ORCHARD"
"FRAA   ","APRICOT ORCHARD"
"FRAA   ","CHERRY ORCHARD"
"FRAA   ","CITRUS ORCHARD"
"FRAA   ","GRAPEFRUIT ORCHARD"
"FRAA   ","LEMON ORCHARD"
"FRAA   ","NASHI ORCHARD"
"FRAA   ","NECTARINE ORCHARD"
"FRAA   ","ORANGE ORCHARD"
"FRAA   ","PEACH ORCHARD"
"FRAA   ","PEAR ORCHARD"
"FRAA   ","PLUM ORCHARD"
"FRAA   ","POME FRUIT ORCHARD"
"FRAA   ","STONE FRUIT ORCHARD"
"FRBA1  ","BLACKBERRY"
"FRBA1  ","LOGANBERRY"
"FRBA1  ","RASPBERRY"
"FRBB1  ","BLACKCURRANT"
"FRBB1  ","REDCURRANT"
"FRBIN  ","STRAWBERRY RUNNER"
"FRBIP  ","MULCH"
"FRBK   ","BLACKBERRY"
"FRBK   ","BOYSENBERRY"
"FRBK   ","LOGANBERRY"
"FRBK   ","RASPBERRY"
"FRBM   ","BLACK MULBERRY"
"FRBO   ","EXCLUDING STRAWBERRIES"
"FRCBS  ","SOUR"
"FRCBT  ","ROOTSTOCKS"
"FRCBT  ","TRIFOLIATA"
"FRCCT  ","RECENTLY TRANSPLANTED"
"FRCF   ","imperial"
"FRCG1  ","KIWIFRUIT "
"FRCG1  ","SEE LABEL FOR EXCEPTIONS"
"FRCI   ","CITRUS FRUITS"
"FRCI   ","GRAPEFRUIT"
"FRCI   ","LEMON"
"FRCI   ","LIME"
"FRCI   ","MANDARIN"
"FRCI   ","ORANGE"
"FRCJ   ","KUMQUAT"
"FRCM2  ","HIGH DISEASE INCIDENCE"
"FRCM2  ","LOW PHYTOPHTHORA PRESSURE"
"FRCM2  ","POORLY DRAINED"
"FRCM2  ","WELL DRAINED SOIL"
"FRDP   ","PACKAGED DRIED FRUIT"
"FRM    ","CUCUMIS SPP."
"FRMH   ","KIWANO"
"FRMR   ","CANTALOUPE"
"FRMR   ","CANTELOUP"
"FRMR   ","MUSK MELON"
"FRMRO  ","CANTELOUP"
"FRMRO  ","MUSK MELON"
"FRMRP  ","CANTELOUP"
"FRMRP  ","MUSK MELON"
"FRNT","Including: grapevines, olive trees, pome fruit (e.g. apple, pear, nashi, quince), stone fruit (e.g. apricot, cherry, nectarine, peach, plum) tree nuts (e.g. almond, macadamia, pecan, walnut)"
"FRP    ","apples"
"FRP    ","pears"
"FRPA   ","ROSACEAE"
"FRPAGA ","ROYAL GALA"
"FRPAL  ","NOT COX'S ORANGE PIPPIN"
"FRPAL  ","NOT GOLDEN DELICIOUS"
"FRPAPP ","DELICIOUS"
"FRPAPP ","ENVY"
"FRPAPP ","FUJI"
"FRPAPP ","GOLDEN DELICIOUS"
"FRPAPP ","GRANNY SMITH"
"FRPAPP ","GRAVENSTEIN"
"FRPAPP ","JONATHON"
"FRPAPP ","LADY WILLIAM"
"FRPAPP ","LEGANA"
"FRPAPP ","PINK LADY"
"FRPAPP ","RED DELICIOUS"
"FRPAPP ","ROYAL GALA"
"FRPAPP ","RUBENS"
"FRPAPP ","STARK CRIMSON"
"FRPAPP ","TYDEMAN"
"FRPAS  ","SMITH"
"FRPDC  ","VARIETY"
"FRPDL  ","VARIETY"
"FRPP2","Apples, Nashi Pears, Pears"
"FRPQ   ","EXCEPT LOQUAT"
"FRS    ","APRICOT"
"FRS    ","CHERRY"
"FRS    ","NECTARINE"
"FRS    ","PEACH"
"FRS    ","PLUM"
"FRS    ","PRUNE"
"FRS1","Nectarines, Peaches, Plums, Apricots & Cherries"
"FRSB1  ","ron"
"FRSBRS ","SEEDLING"
"FRT    ","AVOCADO"
"FRT    ","BANANA"
"FRT    ","MANGO"
"FRT    ","PAPAYA"
"FRT    ","PINEAPPLE"
"FRT17  ","CHIKUS"
"FRTA   ","FUERTE - AVOCADO"
"FRTA   ","HASS - AVOCADO"
"FRTA   ","PINKERTON - AVOCADO"
"FRTB   ","INCL.INTERPLANTED WITH AVOCADO"
"FRTE   ","PAPAYA"
"FRTHD1 ","INEDIBLE PEEL VARIETIES"
"FRTHP1 ","SEE LABEL FOR EXCEPTIONS"
"FRTIP  ","CROP"
"FRTL1  ","LITCHI PLANTATION"
"FRTLS  ","LITCHI"
"FRTM   ","FRUIT SALAD PLANT"
"FRTP   ","STAR APPLE"
"FRTPD1 ","SEE LABEL FOR EXCLUSION"
"FRTPP  ","AVOCADO"
"FRTPP  ","BANANA"
"FRTPP  ","BLUEBERRY"
"FRTPP  ","CUSTARD APPLE"
"FRTPP  ","FEIJOA"
"FRTPP  ","GUAVA"
"FRTPP  ","LITCHI"
"FRTPP  ","LONGAN"
"FRTPP  ","LYCHEE"
"FRTPP  ","MANGO"
"FRTPP  ","NUT TREE"
"FRTPP  ","PAWPAW"
"FRTPP  ","PERSIMMON"
"FRTPP  ","PINEAPPLE"
"FRTPP  ","RAMBUTAN"
"FRTQ   ",""
"FRTQ   ","CANISTEL"
"FRTS   ","AVOCADO"
"FRTS   ","BANANA"
"FRTS   ","MANGO"
"FRTS   ","PAPAYA"
"FRTS   ","PINEAPPLE"
"FRTSIP ","CROP"
"FRTT   ","FIVE CORNER"
"FRTU   ","WHITE SAPOTE"
"FRTW   ","CHINESE GOOSEBERRY"
"FRTW1  ","KIWI FRUIT"
"FRTWA  ","CHINESE GOOSEBERRY"
"FRTWD  ","CHINESE GOOSEBERRY"
"FRTWP1 ","SEE LABEL FOR EXCEPTIONS"
"FRV    ","GRAPEVINE"
"FRV    ","VINEYARD"
"FRV1   ","GRAPEVINE"
"FRV5   ","GRAPEVINE"
"FRV6   ","GRAPEVINE"
"FRVA   ","GRAPEVINE"
"FRVAC  ","GRAPEVINE"
"FRVAD  ","GRAPEVINE"
"FRVAE  ","GRAPEVINE"
"FRVAF  ","GRAPEVINE"
"FRVAM  ","GRAPEVINE"
"FRVAP  ","GRAPEVINE"
"FRVB   ","GRAPEVINE"
"FRVBT  ","GRAPEVINE"
"FRVC   ","BLACK CORINTH"
"FRVC   ","CORINTH NOIR"
"FRVC   ","GRAPEVINE"
"FRVCD  ","GRAPEVINE"
"FRVD   ","VINEYARD"
"FRVDA  ","GRAPEVINE"
"FRVDB  ","GRAPEVINE"
"FRVDO  ","GRAPEVINE"
"FRVE   ","VINEYARD"
"FRVED  ","DRIED FRUIT PRODUCTION"
"FRVED  ","EXCEPT FOR GRAPES GROWN FOR "
"FRVF   ","VINEYARD"
"FRVFD  ","FRUIT DESTINED FOR DRYING"
"FRVGD  ","VINEYARD"
"FRVGE  ","GRAPEVINE"
"FRVGR  ","GRAPEVINE"
"FRVI   ","GRAPEVINE"
"FRVME  ","GRAPEVINE"
"FRVP   ","GRAPEVINE"
"FRVPA  ","GRAPEVINE"
"FRVR   ","GRAPEVINE"
"FRVS   ","GRAPEVINE"
"FRVSF  ","GRAPEVINE"
"FRVSH  ","GRAPEVINE"
"FRVSO  ","GRAPEVINE"
"FRVST  ","GRAPEVINE"
"FRVT   ","GRAPEVINE"
"FRVT2  ","BARLINKA"
"FRVT2  ","CARDINAL"
"FRVT2  ","FLAME SEEDLESS"
"FRVT2  ","GRAPEVINE"
"FRVT2  ","MUSCAT OF HAMBURG"
"FRVT2  ","RED EMPEROR"
"FRVT2  ","RED MALAGA"
"FRVT2  ","RED PRINCE"
"FRVU   ","GRAPEVINE"
"FRVW   ","GRAPEVINE"
"FRVWB  ","GRAPEVINE"
"FRVWC  ","GRAPEVINE"
"FRVX   ","BERRY"
"FRVX   ","GRAPEVINE"
"FRVX   ","KIWIFRUIT"
"FRVX   ","PASSIONFRUIT"
"FRVXL  ","VINELINE"
"FRXB   ","TROPICAL"
"FSCEF  ","CULTIVATED"
"FSCEF  ","NON-CULTIVATED"
"FSCEF  ","PRIOR TO PLANTING"
"FSCEF  ","WEED CONTROL"
"FSSP","pastures - non-legume, prior to direct drilling, prior to sowing"
"FTFD   ","DUBOISIA FIG"
"FVEC","Capsicum, Chilli, Eggplant. Okra, Tomato"
"GC3    ","FABA BEAN - PRE-HARVEST SPRAY"
"GC3    ","FIELD PEA - PRE-HARVEST SPRAY"
"GCCL   ","CELERY"
"GCCT12 ","EXPORT CROP"
"GCCT12 ","EXPORT SEED"
"GCCT13 ",""
"GCCT13 ","NOT TO CONTACT COTTON"
"GCCT22 ","DIRECTED HANDGUN APPLICATION"
"GCCT22 ","DIRECTED KNAPSACK APPLICATION"
"GCCT22 ","SHIELDED HANDGUN APPLICATION"
"GCCT22 ","SHIELDED KNAPSACK APPLICATION"
"GCCT24 ","EXCEPT CROP-SEED PRODUCTION"
"GCCT3  ","VOLUNTEER COTTON"
"GCCT8  ","FURROWING-UP"
"GCCT8  ","PRIOR TO PLANTING"
"GCCTA  ","IN FALLOWS OR PRIOR TO SOWING"
"GCCTD  ","DRYLAND & MOISTURE STRESSED"
"GCCTDE ","REFER TO LABEL"
"GCCTG  ","BOLLGARD"
"GCCTG  ","BOLLGARD II RR FLEX"
"GCCTG  ","SICOT 71RR"
"GCGL   ","GINGER"
"GCGQPS ","CRITICAL USE EXEMPTION (CUE)"
"GCGQPS ","QUARANTINE &PRE-SHIPMENT(QPS)"
"GCHA   ","WHEAT - PRE-HARVEST SPRAY"
"GCNQPS ","CRITICAL USE EXEMPTION (CUE)"
"GCNQPS ","QUARANTINE & PRESHIPMENT(QPS)"
"GFL1   ","CORYMBIA SPP."
"GFL1   ","EUCALYPTUS"
"GFL1   ","PINUS"
"GFL1   ","PRIOR TO ESTABLISHMENT"
"GFL1   ","STARTING AT FALLOW"
"GFRM","Canola, Chickpeas, Faba Beans, Field Peas, Lupins, Lentils."
"GGCG   ","EARLY TILLERING"
"GGCP","grown in covered or protected situations for seed production purposes (NOT for human or animal consumption)"
"GLF    ","IN ESTABLISHED TREE AREAS"
"GLF    ","PRIOR TO NURSERY ESTABLISHMENT"
"GLF    ","SITE PREPARATION PRIOR TO PLAN"
"GLPQPS ","CRITICAL USE EXEMPTION (CUE)"
"GLPQPS ","QUARANTINE & PRESHIPMENT (QPS)"
"GLTT   ","TEA TREE"
"GPBH   ","FOR ANIMAL FEED"
"GPTG1  ","PERENIAL COCKSFOOT"
"GPTG1  ","PERENIAL PHALARIS"
"GPV","Not snow peas or sugar snap peas"
"GPWD1  ","HIGH INTENSITY USAGE"
"GRLEG","(peanuts Qld and NT only)"
"GRWST","Grass (Not Santa Ana) Tif Hybrid Couch Grass, Saltwater couch (Papsalum vaginatum)"
"GRWST","including fairways, golf tees, municipal sports fields, industrial and commercial lawns"
"GRWST","Kikuyu (Pennisetum clandestinum), Buffalo Grass (Stenotaphrum secundatum), Common Couch (Cynodon dactylon, C. transvaalensis)"
"GRWST","Queensland Blue Couch (Digitaria didactyla), Bahla grass (Paspalum notatum), Zoysia grass (Zoysia matrella)"
"GSPL   ","CANOLA"
"GSPL   ","CEREALS"
"GSPL   ","CHICKPEA"
"GSPL   ","FABA BEAN"
"GSPL   ","LENTIL"
"GSPL   ","LINSEED"
"GSPL   ","LUPIN"
"GSPL   ","OILSEED RAPE"
"GSPL   ","SAFFLOWER"
"GSPL   ","VETCH"
"HBN","NEW BUILDING, PERIMETER BARRIER, POST CONSTRUCTION, BUILDING, EXISTING BUILDING"
"HEM    ","FIELD MINT"
"HEM    ","PEPPERMINT"
"HEM    ","SPEARMINT"
"HEM    ","WATERMINT"
"HHCH   ","chervil mizuna"
"HOPQPS ","CRITICAL USE EXEMPTION (CUE)"
"HOPQPS ","QUARANTINE & PRESHIPMENT (QUE)"
"HOTTB  ","SPA"
"HOUSE1","crack and crevice treatment"
"IFA    ","GREASY HEAL"
"IFA    ","STRANGLES"
"IFA    ","THRUSH"
"IFW    ","CUTS"
"IFW    ","GIRTH GALLS"
"IFW    ","SADDLE GALLS"
"LBLV","Chard (silver beet), Cress Spinach, Lettuce (head and leafy), Bok Choy, Chinese Cabbage, Choy Sum, Gai Lan, Kale, Leafy Mustard, Pak Choy, Rocquette"
"LBLV1","SPINACH, SILVER BEET, KALE, ENDIVE, MUSTARD, CRESS, CHARD, ROCKET, ASIAN LEAFY GREENS AND CHINESE CABBAGE (FIELD GROWN ONLY)"
"LEAV1","Leafy vegetables: Rucola (rocket), Chervil, Mizuna "
"LETHDL","including leaf varieties"
"LTG1","Lawn, Turf and Gardens"
"MAME   ","MILKING MACHINE"
"MAMS   ","BUILDING"
"MAPAC  ","PRODUCING"
"MATI   ","POLES"
"MATI   ","TREES"
"MAWT   ","BACK-FILLED WALLS"
"MAWT   ","CAVITIES"
"MAWT   ","GARDEN & LANDSCAPING TIMBER"
"MAWT   ","NEST ERADICATION"
"MAWT   ","PLANTER BOX"
"MAWT   ","POSTS"
"MAWT   ","POWER OR UTILITY POLE"
"MAWT   ","RETAINING WALLS"
"MAWT   ","STUMPS"
"MAWT   ","TERMITE MOUNDS"
"MAWT   ","TIMBER DECKS"
"MAWT   ","TIMBER FENCE"
"MAWT   ","TREATMENT OF TERMITE NEST"
"MAWT   ","TREES"
"MAWT   ","WALL"
"MAWT1  ","ACTIVE WORKINGS"
"MAWT1  ","AGGREGATION DEVICES"
"MAWT1  ","EXTERNAL INFESTED TIMBER"
"MAWT1  ","IN SERVICE TIMBER"
"MAWT1  ","INFESTED WALL CAVITY"
"MAWT1  ","NESTS IN POLES AND TREES"
"MAWT1  ","TIMBER ON GROUND"
"MB     ","MAIL BOXES"
"MDD    ","DIRECT DRILLING"
"MDD    ","FALLOW"
"MDD    ","FULL COMBINATION"
"MDD    ","FULL DISTURBANCE IMPLEMENT"
"MDD    ","MINIMUM DIRSTURBANCE"
"MDD    ","PRIOR TO SOWING"
"MDD    ","STUBBLE"
"MFLU   ","BOARD"
"MFLU   ","UNDERNEATH"
"MGAC   ","EQUIPMENT"
"MGAC   ","HAND TOOL"
"MGAC   ","UTENSIL"
"MGAD   ","CORKWOOD"
"MGAD2  ","CORKWOOD, OVER 1 YEAR OLD"
"MGADA  ","CORKWOOD"
"MGAES  ","FOR USE PRIOR TO AND AFTER"
"MGAES  ","TRANSPLANTING"
"MGAFA1 ","ARAUCARIA"
"MGAFA1 ","CORYMBIA"
"MGAFA1 ","EUCALYPTUS"
"MGAFA1 ","PINUS"
"MGANB","up to 28 mm thickness for use outside and above ground"
"MGAP1Y ","PUNIS - GREATER THAN 30CM HIGH"
"MGAP2  ","FOR USE PRIOR TO AND AFTER"
"MGAP2  ","TRANSPLANTING"
"MGAPCOR","LEMON SCENTED GUM"
"MGAPCOR","MARRI OR PORT GREGORY GUM"
"MGAPCOR","PORT GREGORY GUM"
"MGAPCOR","RED FLOWERING GUM"
"MGAPCOR","SPOOTED GUM"
"MGAPE  ","EUCALYPTS"
"MGAPE  ","FORESTRY"
"MGAPE1 ","EUCALYPTS"
"MGAPEG ","HEATH"
"MGAPEG ","LONG TERM CONTROL"
"MGAPEG ","NATIVE WOODLAND"
"MGAPEG ","PASTURE SITES"
"MGAPEG ","SECOND ROTATION SITES"
"MGAPEN ","HEATH"
"MGAPEN ","LONG TERM CONTROL"
"MGAPEN ","NATIVE WOODLAND"
"MGAPEN ","PASTURE SITES"
"MGAPEN ","SECOND ROTATION SITES"
"MGAPI2 ","HEATH"
"MGAPI2 ","NATIVE WOODLAND"
"MGAPI2 ","PASTURE SITES"
"MGAPI2 ","SANDY LOAMS"
"MGAPI2 ","SANDY SOILS"
"MGAPI2 ","SECOND ROTATION SITES"
"MGAPI2 ","TREE RELEASE"
"MGAPI3","0"
"MGAPN  ","PINE-10 MONTHS BEFORE PLANTING"
"MGAPPP","Pre Plant Application"
"MGAPS  ","HEATH & SECOND ROTATION SITES"
"MGAPS  ","NATIVE WOODLAND"
"MGAPS  ","PASTURE SITES"
"MGAPS  ","SITE PREPARATION"
"MGAPT  ","CONIFER"
"MGAPT  ","RADIATA"
"MGAPT  ","TREE RELEASE APPLICATION"
"MGAR   ","CARPORT"
"MGASP  ","CHICK PEA"
"MGASP  ","FABA BEAN"
"MGASP  ","FIELD PEA"
"MGASP  ","LENTILS"
"MGASP  ","LUPIN"
"MGASP  ","PASTURE TOPPING"
"MGASP  ","VETCH"
"MGASPA ","SPRAYTOPPING"
"MGASPP ","SPRAYTOPPING"
"MGASPR ","ANNUAL GRASS"
"MGASPR ","CALOMBA DAISY"
"MGASPR ","CAPEWEED"
"MGASPR ","SPRAYTOPPING"
"MGAU   ","SCHEFFLERA"
"MGC    ","CULTIVATION"
"MGC    ","FULL SOIL DISTURBANCE"
"MGC    ","MINIMAL OR NO SOIL DISTURBANCE"
"MGC    ","TYNED INSTRUMENT"
"MGC1   ","SOWN"
"MGC1   ","TRANSPLANTED"
"MGCL   ","PRIOR TO SOWING CROP"
"MGCRO  ","AS AN AID"
"MGCRO  ","CULTIVATION AFTER SPRAYING"
"MGCRO  ","CULTIVATION BEFORE SPRAYING"
"MGCRO  ","MINIMAL OR NO SOIL DISTURBANCE"
"MGCRO  ","PRIOR"
"MGHD1  ","DISINFECTION"
"MGHHS  ","SUMMER & WINTER"
"MGHN   ","NURSERY PLANT"
"MGHP   ","CERAMIC POT"
"MGHP   ","GARDEN POT"
"MGHP   ","POTS"
"MGHP   ","TERRACOTTA POT"
"MGHQ   ","BULK SOIL"
"MGHR   ","COMPOST"
"MGHRQPS","CRITICAL USE EXEMPTION (CUE)"
"MGHRQPS","QUARANTINE & PRE-SHIPMENT(QPS)"
"MGHT   ","ORNAMENTAL PLANT"
"MGHTSQP","CRITUCAL USE EXEMPTION (CUE)"
"MGHTSQP","QUARANTINE & PRE-SHIPMENT(QPS)"
"MGMADQP","CRITICAL USE EXEMPTION (CUE)"
"MGMADQP","QUARANTINE & PRE-SHIPMENT(QPS)"
"MGMAQPS","CRITICAL USE EXEMPTION (CUE)"
"MGMAQPS","QUARANTINE & PRE-SHIPMENT(QPS)"
"MGRC   ","COTTON"
"MGRC   ","PEANUT"
"MGRC   ","SOYBEAN"
"MGRC   ","SUGARCANE"
"MGSP   ","SPRAY"
"MGSPA  ","SPRAYING"
"MGSPC  ","SPRAY"
"MGT    ","RAIN WATER TANK"
"MGTP   ","LATE WINTER/SPRING TREATMENTS"
"MGV    ","bushes, hedges, leaf litter, ornamentals and shrubs, particularly in shady and damp areas around buildings"
"MGWN   ","BUSHLAND"
"MGWN   ","EUCALYPTS"
"MGWN   ","KARRI"
"MGWN   ","MALLEE"
"MGWN   ","SCLEROPHYLL"
"MGWP   ","BY CULTIVATION AND/OR SOWING"
"MGWP   ","PRIOR TO DISTURBANCE"
"MGWP   ","TYNED EQUIPMENT"
"MHG    ","BASE OF CANES"
"MHG    ","BASE OF STEMS"
"MHG    ","BASE OF TRUNKS"
"MHG    ","BORDERS"
"MHG    ","DAMP AREAS"
"MHG    ","DRY AREA"
"MHG    ","FENCES"
"MHG    ","Flowers and shrubs"
"MHG    ","GARDEN WALLS"
"MHG    ","LETTER BOXES"
"MHG    ","Non-bearing fruit trees"
"MHG    ","OUTDOOR FURNITURE"
"MHG    ","PATIO PAVING"
"MHG    ","PLANTER BOXES"
"MHG    ","POTS"
"MHG    ","ROCKERIES"
"MHG    ","SOIL AROUND PLANTS"
"MHG    ","TIMBER"
"MHG    ","UNDER FOLIAGE"
"MHLA   ","BIRD CAGE"
"MHLA   ","KENNELS"
"MICUP  ","FOOD CUPBOARD"
"MICUP  ","UNDER CUPBOARD"
"MICUP  ","WARDROBES"
"MIDS   ","CHANNEL"
"MIDS   ","DITCH"
"MIDS   ","POND"
"MIDW   ","DRIVES"
"MIDW   ","ROAD"
"MIFSP  ","EMPTY SILO"
"MIFSP  ","FARM MACHINERY"
"MIFSP  ","MACHINERY"
"MIFSP  ","SILOS"
"MIFSP  ","STORAGE BINS"
"MIFSP  ","WAREHOUSE"
"MIHC   ","ASPHALT HARDCOURT"
"MIMBG  ","RESTING"
"MIPAA  ","SHED"
"MIPABS ","BROILER SHED"
"MIPABS ","DEEP LITTER SHED"
"MIPADS ","DISINFECTION OF DIPS"
"MIPAGD ","AVIARY"
"MIPAGD ","BENCH"
"MIPAGD ","CAGES"
"MIPAGD ","DAIRIES"
"MIPAGD ","FITTING"
"MIPAGD ","FLOOR"
"MIPAGD ","FOOD & WATER UTENSILS"
"MIPAGD ","INSTRUMENTS"
"MIPAGD ","KENNELS"
"MIPAGD ","PIGGERIES"
"MIPAGD ","POULTRY CAGES"
"MIPAGD ","STABLES"
"MIPAGD ","STALLS"
"MIPAGD ","TABLE"
"MIPAGD ","TOILETS"
"MIPAGD ","WALLS"
"MIPAGD ","YARDS"
"MIPAHL ","CATTLE STALLS"
"MIPAHL ","FLOORS"
"MIPAHL ","HORSE STALLS"
"MIPAHL ","STALLS"
"MIPAHL ","WALLS"
"MIPAK  ","SHEARING SHED FLOORS"
"MIPAKT ","KNIFE"
"MIPAKT ","PLOUGHS"
"MIPAKT ","PRUNING SHEARS"
"MIPAKT ","TOOL"
"MIPAL  ","FOOTROT"
"MIPAL  ","VACCINATING"
"MIPAPB ","BENCH"
"MIPAR  ","EGG INCUBATOR"
"MIPAR  ","POULTRY HATCHERIES"
"MIPAS  ","GLASSWARE"
"MIPAS  ","TABLETOP"
"MIPAS  ","TROLLEY"
"MIPASB ","BATTERY BROODERS"
"MIPASB ","BROODERS"
"MIPASB ","CAGES"
"MIPASB ","PIG PEN"
"MIPASB ","REARING PEN"
"MIPAX  ","CAGES"
"MIPAX  ","CATTERIES"
"MIPAX  ","EGGROOMS"
"MIPAX  ","KENNELS"
"MIPAX  ","PENS (STY)"
"MIPAX  ","POULTRY HOUSES"
"MIPAX  ","STABLES"
"MIPBI  ","FEEDING EQUIPMENT"
"MIPBL  ","FENCE"
"MIPBL  ","ROUNDWOOD/POLES"
"MIPBL  ","SERVICE POLE"
"MIPBL1 ","FENCE"
"MIPBL1 ","ROUNDWOOD/POLES"
"MIPBL1 ","SERVICE POLE"
"MIPCI  ","COMMERCIAL AND INDUSTRIAL AREAS"
"MIPCI  ","food processing establishments, shops, factories, ships, offices, schools, storerooms, hospitals, barracks"
"MIPCI  ","grain storage"
"MIPCI  ","INCLUDING AROUND BUILDING LINES"
"MIPCI  ","PREMISES"
"MIPD   ","GARDEN SHED"
"MIPD   ","HOMESTEAD"
"MIPD   ","HOUSES"
"MIPD   ","OUTBUILDINGS"
"MIPDC  ","BALCONY"
"MIPDC  ","DECK"
"MIPDC  ","LANDING"
"MIPDC  ","PORCH"
"MIPF   ","ELIMINATE FIRE HAZARD"
"MIPF   ","KNOCKDOWN WEED GROWTH"
"MIPFA  ","WALL"
"MIPFC  ","COTTON BLEND FABRIC"
"MIPFC  ","NON-CLOTHING FABRIC"
"MIPFL  ","CONCRETE FLOOR"
"MIPFL  ","FIBRO FLOOR"
"MIPFL  ","MESH FLOOR"
"MIPFL  ","TILE FLOOR"
"MIPFM  ","COTTON BLEND NET"
"MIPFM  ","COTTON NET"
"MIPFM  ","NYLON NET"
"MIPFM  ","SYNTHETIC NET"
"MIPFN  ","NON-CLOTHING"
"MIPGA  ","GARDEN EDGE"
"MIPGFE ","BONINGTABLE"
"MIPGFE ","CONVEYOR BELT"
"MIPGFE ","COOKER"
"MIPGFE ","CUTTING IMPLEMENTS"
"MIPGFE ","EVISERATING TABLE"
"MIPGFE ","FILLING MACHINE"
"MIPGFE ","HOLDING TANK"
"MIPGFE ","MIXING PAN"
"MIPGFE ","SYRUP TANK"
"MIPIC  ","CARPET SURFACE FIBRE"
"MIPIC  ","CARPET UNDERPADDING"
"MIPIC  ","REFER TO LABEL"
"MIPIL  ","COMMERCIAL/INDUSTRIAL AREA"
"MIPIQ  ","BILLABONGS"
"MIPIQ  ","CREEKS"
"MIPIQ  ","NATURAL WATER BODIES"
"MIPIQ  ","PONDS"
"MIPIQ  ","RIVERS"
"MIPIT  ","LYCTID SUSCEPTIBLE SAWN TIMBER"
"MIPIT  ","ROUND TIMBER"
"MIPIT  ","USE IN HAZARD CLASS H1"
"MIPL   ","HOTEL LAUNDRY"
"MIPL   ","HOUSE LAUNDRY"
"MIPL   ","LAUNDROMAT"
"MIPL   ","MOTEL LAUNDRY"
"MIPL   ","SHIP LAUNDRY"
"MIPPSH ","PIG SHED"
"MIPR   ","DUMP"
"MIPRE  ","BOWLING GREEN"
"MIPRE  ","GOLF COURSE"
"MIPRE  ","OVAL"
"MIPRE  ","PARK"
"MIPRE  ","RECREATIONAL AREA"
"MIPRG  ","FOOD DISPOSAL"
"MIPRG  ","RUBBISH"
"MIPRO  ","IN AND AROUND"
"MIPSCC ","BUNKER STORES"
"MIPSCC ","STRUCTIRE WITH NATURAL DRAUGHT"
"MIPSCC ","STRUCTURE WITH FORCED DRAUGHT"
"MIPSCC ","STRUCTURE WITHOUT FLOW"
"MIPSE  ","BUILDING"
"MIPSE  ","GARAGE"
"MIPSE  ","STORE"
"MIPSI  ","WINDOW"
"MIPST  ","SHED"
"MIPTF  ","PALINGS"
"MIPTF  ","POSTS"
"MIPTF  ","TIMBER FENCE"
"MIPWO  ","TIMBER"
"MIPWO  ","VENEER"
"MIPWS  ","EXCL. BILLAGONGS"
"MIPWS  ","EXCL. CREEKS"
"MIPWS  ","EXCL. LAKES"
"MIPWS  ","EXCL. RIVERS"
"MIPWS  ","EXCL. STREAMS"
"MIPWS  ","EXCL. WETLANDS"
"MIPWS  ","SUPPLY"
"MIPXLF ","WELL SEALED EMPTY ENCLOSURES"
"MIPXLF ","WELL SEALED EMPTY STRUCTURES"
"MIROOF ","COLOURBOND"
"MIROOF ","CORREGATED IRON"
"MIROOF ","FIBROLITE"
"MIROOF ","STEEL"
"MIROOF ","SYNTHETIC TILES"
"MIROOF ","TILED ROOFS"
"MITR   ","WATER"
"MIVP   ","ORNAMENTAL PLANTS"
"MIVP   ","SHRUBS"
"MIVP   ","VEGETABLES"
"MIW    ","COMMERCIAL BUILDING"
"MIW    ","HARBOURAGES"
"MIW    ","KICKBOARDS"
"MIW    ","RESIDENTIAL BUILDING"
"MIW    ","WALL CAVITY"
"MMAS   ","WALLS"
"MNA    ","SELECTIVE"
"MNABC  ","POND"
"MNABC  ","WATER"
"MNABC1 ","WATER"
"MNABC2 ","WATER"
"MNAER  ","AIRPORT"
"MNAER  ","RUNWAY"
"MNAT   ","TELEPHONE POLE"
"MNAW   ","CHANNELS AND DRAINS"
"MNAW   ","FRESH AND BRACKISH WATER"
"MNAW   ","MARGINS OF STREAMS, LAKES, DAM"
"MNAW   ","NON-FLOWING, FLOWING OR"
"MNAW   ","TRANSIENT"
"MNAWE  ","ENCLOSED WATER ONLY"
"MNAWL  ","AQUATIC WEED CONTROL"
"MNCO   ","PAINTED CONCRETE"
"MNCO   ","UNPAINTED CONCRETE"
"MNFE   ","CULTIVATED"
"MNFE   ","NON- CULTIVATED"
"MNFF   ","CONSERVATION TILLAGE SYSTEM"
"MNFFM  ","LUPINS"
"MNFFM  ","PEAS"
"MNFFM  ","WHEAT"
"MNFS   ","BARLEY"
"MNFS   ","WHEAT"
"MNFW   ","PRIOR TO DIRECT DRILLING"
"MNFW   ","PRIOR TO SOWING"
"MNFW   ","WINTER CEREAL"
"MNFW3  ","CONSERVATION TILLAGE SYSTEM"
"MNFW3  ","FALLOW MAINTENANCE"
"MNFW4  ","PRIOR TO DIRECT DRILLING"
"MNFW4  ","PRIOR TO SOWING"
"MNFW4  ","PRIOR TO WINTER CEREAL & OTHER"
"MNFWC  ","MINIMAL DISTURBANCE"
"MNFWD1 ",""
"MNFWD1 ","DIRECT DRILLING"
"MNFWE  ","IMPLEMENT-MINIMAL DISTURBANCE"
"MNFWE  ","LATE WINTER/SPRING TREATMENT"
"MNFWE  ","MINIMAL SOIL DISTURBANCE"
"MNFWE  ","PASTURE"
"MNFWE  ","SUMMER FALLOW"
"MNFWE  ","WINTER FALLOW"
"MNFWEF ","IMPLEMENT"
"MNFWEF ","MINIMAL SOIL DISTURBANCE"
"MNFWEF ","PRIOR TO PLANTING A PASTURE"
"MNFWF  ","SOIL"
"MNFWM  ","PRIOR TO DIRECT DRILLING"
"MNFWM  ","PRIOR TO SOWING"
"MNFWQ  ","PRIOR TO DIRECT DRILLING"
"MNFWQ  ","PRIOR TO SOWING"
"MNFWS  ","PRIOR TO DIRECT DRILLING"
"MNFWS  ","PRIOR TO SOWING"
"MNFWW  ","LUPINS"
"MNFWW  ","PEAS"
"MNGC   ","DIRECT DRILL"
"MNGC   ","FALLOW MAINTENANCE"
"MNGC   ","FULL DISTURBANCE IMPLEMENT"
"MNGC   ","PASTURE PRIOR TO SOWING"
"MNGC   ","STUBBLE"
"MNGC   ","SURFACE SOW"
"MNGDC  ","EARLY AUTUMN SOWING"
"MNGDC  ","EARLY SUMMER SOWING"
"MNGDC  ","MINIMISE CULTIVATION"
"MNGDC  ","PREPARE SOWING BED"
"MNGDC  ","SPRING SOWING"
"MNGDC  ","WINTER SOWING"
"MNGDI  ","PRIOR TO CULTIVATING"
"MNGL1  ","CHANNELS"
"MNGL2  ","DAM"
"MNGL2  ","LAKE"
"MNGL2  ","STREAM"
"MNIF   ","SITE"
"MNLA   ","EDGE"
"MNPA   ","PATHWAYS"
"MNPDC  ","CONCRETE"
"MNPTA  ","MINIMAL DISTURBANCE"
"MNPTA  ","PRIOR TO CROP ESTABLISHMENT"
"MNPTA  ","PRIOR TO FALLOW ESTABLISHMENT"
"MNPTA  ","PRIOR TO PASTURE ESTABLISHMENT"
"MNPTA  ","WEED CONTROL PRIOR TO"
"MNPTD  ","CONSERVATION WEED CONTROL"
"MNPTD  ","DIRECT DRILLING"
"MNPTD  ","DISTURBANCE BY CULTIVATION"
"MNPTD  ","PASTURE MANIPULATION"
"MNPTD  ","PASTURE RENOVATION"
"MNPTD  ","PASTURE TOPPING"
"MNPTD  ","PRIOR TO CROP ESTABLISHMENT"
"MNPTD  ","PRIOR TO PASTURE ESTABLISHMENT"
"MNPTD  ","RATOON CONTROL"
"MNPTD  ","SEED BED SALVAGE"
"MNPTD  ","TYNED INSTRUMENT"
"MNPU   ","UTILITY"
"MNROA  ","SEALING"
"MNSBS  ","FALLOW"
"MNSBS  ","FULL DISTURBANCE IMPLEMENT"
"MNSBS  ","PASTURE PRIOR TO SOWING"
"MNSBS  ","STUBBLE"
"MNSBS  ","WEED CONTROL"
"MNST   ","WATER"
"MNTC   ","CONCRETE"
"MNW    ","SPECIES"
"MNW    ","TREE"
"MOHGYP","Pre Plant Application"
"MON    ","CARNATION"
"MON    ","CHRYSANTHEMUM"
"MON    ","INDOOR FOLIAGE PLANT"
"MON    ","ROSE"
"MON.   ","FLOWER"
"MON.   ","SHRUB"
"MON1   ","POTTED ORNAMENTAL PLANTS"
"MON2   ","BROMELIADS (SUCH AS)"
"MONB5  ","BROMELIA SPP."
"MONB5  ","VRIESEA SPP."
"MONBB  ","EVENING-FLOWER"
"MONBB  ","GLADIOLI"
"MONBB  ","REDFLOWER"
"MONBB  ","WALL"
"MONBGP","Pre plant Applicaiton"
"MONBT  ","ONELEAF TULIP"
"MONBT  ","POISON TULIP"
"MONBT  ","TWOLEAF TULIP"
"MONBW  ","STAR OF BETHLEHEM"
"MONC0  ","TEA"
"MONCGC ","SEE LABEL FOR PLANTS"
"MONDF  ","DRACAENA FERN"
"MONES  ","MUGGA"
"MONEU  ","EUCALYPTUS"
"MONF2  ","BUSHY STARWORT"
"MONF23 ","PELLITORY"
"MONF23 ","SPANISH CHAMOMILE"
"MONF3  ","COMMON MARIGOLD"
"MONF3  ","GARDEN OR FIELD MARI"
"MONFD  ","FEVERFEW"
"MONFD  ","PYRETHRUM"
"MONFD  ","TANSY"
"MONFE  ","PETRORHAGIA SPP."
"MONFQ  ","CORN SNAPDRAGON"
"MONFQ  ","LESSER SNAPDRAGON"
"MONFQ  ","SMALL SNAPDRAGON"
"MONFR1 ","SEE LABEL FOR PLANTS"
"MONFR2 ","SEE LABEL FOR PLANTS"
"MONFY  ","ROSE GERANIUM"
"MONFY  ","SCENTED GERANIUM"
"MONFZ  ","CORN SNAPDRAGON"
"MONFZ  ","LESSER SNAPDRAGON"
"MONFZ  ","SMALL SNAPDRAGON"
"MONGC  ","AUSTRALIAN FIELD CRESS"
"MONGC  ","MARSH WATERCRESS"
"MONGC  ","WATER CRESS"
"MONGG  ","KARKALLA"
"MONGH  ","FIELD PANSY"
"MONGH  ","WILD PANSY"
"MONGX  ","BLUE HELIOTROPE"
"MONGX  ","COMMON HELIOTROPE"
"MONGX  ","ROUGH HELIOTROPE"
"MONI2  ","SEE LABEL FOR PLANTS"
"MONIH  ","SAINTPAULIA SPP."
"MONIK  ","PINEAPPLE"
"MONIK  ","WESTERN ZAMIA"
"MONKN  ","FEVERFEW"
"MONKN  ","PYRETHRUM"
"MONKN  ","TANSY"
"MONKN1 ","FEVERFEW SEEDLING"
"MONKN1 ","PYRETHRUM SEEDLING"
"MONKN1 ","TANSY SEEDLING"
"MONKN2 ","FEVERFEW AS BARE ROOTED TRANSP"
"MONKN2 ","PYRETHRUM AS BARE ROOTED TRANS"
"MONKN2 ","TANACETUM AS BARE ROOTED TRANS"
"MONKN2 ","TANSY AS BARE ROOTED TRANSPLAN"
"MONL1  ","FEVERFEW"
"MONL1  ","PYRETHRUM"
"MONL1  ","TANSY"
"MONL2  ","CHRYSANTHEMUM"
"MONL2  ","FEVERFEW"
"MONL2  ","TANACETUM"
"MONL2  ","TANSY"
"MONLD  ","LILLIUM SPP."
"MONLE  ","LEMON SCENTED TEA TREE"
"MONLE  ","LEMON-SCENTED TEA TREE"
"MONLE  ","TEA TREE LEMON SCENTED"
"MONLJ  ","PRICKLY TEA TREE"
"MONLJ  ","TEA TREE"
"MONLT  ","LILIACEAE"
"MONLT  ","TULIPS"
"MONNFM ","CALISTAMON"
"MONNFM ","EUCALYPTS"
"MONNFM ","MELALEUCA"
"MONNFM ","MYRTACEAE FAMILY"
"MONONS ","ELAEGNUS EBBENGI"
"MONONS ","HELICHRYSUM GOLDEN BABY"
"MONONS ","MAJORIS CV'S"
"MONONS ","PHLOX SUBULATA"
"MONONS ","SCARLET FLAME"
"MONONS ","SEE LABEL FOR EXCEPTIONS"
"MONONS ","WHITE DELIGHT"
"MONOR  ","SUBJECT TO A TOLERANCE TEST"
"MONOT  ","TEA-TREE"
"MONOT4 ","AND ASSOCIATED WOODY WEEDS"
"MONOT4 ","ON GRAZING LAND"
"MONP2P","Pre Plant Application"
"MONS   ","ALONG CITY STREETS"
"MONS   ","BROADLEAF EVERGREEN"
"MONS   ","DECIDUOS EVERGREEN"
"MONS   ","OTHER RIGHTS OF WAY"
"MONS   ","SHADE TREE"
"MONS4  ","CREEPING LANTANA"
"MONS5  ","BEEFWOOD"
"MONS5  ","CAUSTIC TREE"
"MONS5  ","SILKY OAK"
"MONSE  ","DROOPING BOTTLEBRUSH"
"MONSG  ","ARIZONA CYPRESS"
"MONSG  ","CUPRESSUS ARIZONICA"
"MONSG  ","CUPRESSUS GLABRA"
"MONSG  ","MACROCARPA"
"MONSG  ","MACROCARPA HEDGE"
"MONSG  ","MONTEREY CYPRESS"
"MONSG  ","SMOOTH ARIZONA CY"
"MONSH  ","KENAF"
"MONSH  ","MERAUKE HIBISCUS"
"MONSH  ","ROSELLA"
"MONSJ  ","TANGLED HYPERICUM"
"MONSK  ","SPANISH TREE"
"MONSO  ","JAPANESE HONEYSUCKLE"
"MONSS1 ","SEE LABEL FOR PLANTS"
"MONSZ  ","CLIANTHUS SPECIOSUS"
"MONT7  ","LARGELEAF HOPBUSH"
"MONT7  ","NARROWLEAF HOPBUSH"
"MONT7  ","STICKY HOPBUSH"
"MONTC1 ","Avocado, Banana, Blueberries, Citrus Fruit, Custard apples, Duboisia, Figs - dessert, Guava, Kiwifruit"
"MONTC1 ","Nuts (including Almond, Pecan, Macadamia, Pistachio and Walnut)"
"MONTC1 ","Vineyards, Litchi, Mango, Monstera - fruit, Olives, Pawpaw,Persimmons, Pome fruit, Rasberries, Stone fruit, Tea"
"MONTCO ","FORESTRY"
"MONTCO ","PUBLIC SERVICES AREA"
"MONTE  ","MORETON BAY FIG"
"MONTE  ","SANDPAPER FIG"
"MONTJ  ","TEA"
"MONTK  ","STURT'S DESERT ROSE"
"MONTLS ","TREELINE"
"MONTM  ","BROADLEAF PRIVET"
"MONTM  ","CHINESE PRIVET"
"MONTM  ","COMMON PRIVET"
"MONTP  ","TEA"
"MONTQ  ","AVOCADO"
"MONTQ  ","CUSTARD APPLE"
"MONTQ  ","FEIJOA"
"MONTQ  ","GUAVA"
"MONTQ  ","KIWIFRUIT"
"MONTQ  ","LEMON"
"MONTQ  ","LITCHI"
"MONTQ  ","LYCHEE"
"MONTQ  ","MANDARIN"
"MONTQ  ","MANGO"
"MONTQ  ","MYRTACEAE FAMILY"
"MONTQ  ","NASHI"
"MONTQ  ","NURSERY STOCK"
"MONTQ  ","OLIVE"
"MONTQ  ","PASSIONFRUIT"
"MONTQ  ","PAWPAW"
"MONTQ  ","PERSIMMON"
"MONTQ  ","RAMBUTAN"
"MONTR  ","WATTLE"
"MONTW  ","WILLOW MYRTLE"
"MONU10 ","REFER TO LABEL"
"MONU3  ","GIPPSLAND BLUE GUM"
"MONU3  ","MAIDEN'S GUM"
"MONU3  ","TASMANIAN BLUE GUM"
"MONU9  ","REFER TO LABEL"
"MONUF  ","DUSKY CORAL PEA"
"MONUF  ","RUNNING POSTMAN COR"
"MONUH  ","FRENCH LAVENDER"
"MONUH  ","TOPPED LAVENDER"
"MONUK  ","BOREE"
"MONUK  ","PAPERBARK"
"MONW   ","ABELIA"
"MONW   ","ACACIA"
"MONW   ","ACALYPHA"
"MONW   ","ACER"
"MONW   ","ACTOSTAPHYLOS"
"MONW   ","AGONIS"
"MONW   ","ALLOCASUARINA"
"MONW   ","ARDISIA"
"MONW   ","AZALEA"
"MONW   ","BACCHARIS"
"MONW   ","BANKSIA"
"MONW   ","BARBERRY"
"MONW   ","BAUHINIA"
"MONW   ","BEECH TREE"
"MONW   ","BERBERIS"
"MONW   ","BETULA"
"MONW   ","BIGNONIA"
"MONW   ","BORONIA"
"MONW   ","BOTTLEBRUSH"
"MONW   ","BOX"
"MONW   ","BROOM"
"MONW   ","BUXUS"
"MONW   ","CALLISTEMON"
"MONW   ","CALLITRIS"
"MONW   ","CALLUNA"
"MONW   ","CALYTRIX"
"MONW   ","CAMELLIA"
"MONW   ","CASSIA"
"MONW   ","CASUARINA"
"MONW   ","CEANOTHUS"
"MONW   ","CHAMELAUCIUM UNCINATUM"
"MONW   ","CISTUS"
"MONW   ","CLAYERA"
"MONW   ","CLEMATIS"
"MONW   ","CLYOSTOMA"
"MONW   ","COLEONEMA"
"MONW   ","COPROSMA"
"MONW   ","CORREA"
"MONW   ","COTONEASTER"
"MONW   ","CUPHEA"
"MONW   ","CYPRESS PINE"
"MONW   ","CYTISUS"
"MONW   ","DODONEA"
"MONW   ","ERICA"
"MONW   ","ERIOSTEMON MYOPOROIDES"
"MONW   ","ESCALLONIA"
"MONW   ","EUCALYPTUS"
"MONW   ","EUTAXIA"
"MONW   ","FATSHEDERA"
"MONW   ","FELICIA"
"MONW   ","FUSCHIA"
"MONW   ","GARDENIA"
"MONW   ","GERALDTON WAX"
"MONW   ","GINGKO"
"MONW   ","GREVILLEA"
"MONW   ","GROUNDSEL BUSH"
"MONW   ","HAKEA"
"MONW   ","HARDENBERGIA"
"MONW   ","HEATH"
"MONW   ","HIBBERTIA"
"MONW   ","HIBISCUS"
"MONW   ","HONEY MYRTLE"
"MONW   ","HONEYSUCKLE"
"MONW   ","HOPBUSH"
"MONW   ","ILEX"
"MONW   ","JASMINUM"
"MONW   ","JUSTICA"
"MONW   ","KALMIA"
"MONW   ","KENNEDIA"
"MONW   ","KOELREUTERIA"
"MONW   ","LAGENARIA"
"MONW   ","LAGERSTROEMIA"
"MONW   ","LANTANA"
"MONW   ","LAVENDER"
"MONW   ","LAVENDULA"
"MONW   ","LECHENAULTIA"
"MONW   ","LEPTOSPERMUM"
"MONW   ","LEUCODENDRON"
"MONW   ","LEUCOTHOE"
"MONW   ","LIGUSTRUM"
"MONW   ","LIQUIDAMBER"
"MONW   ","LIRIOPE"
"MONW   ","LONICERA"
"MONW   ","MAGNOLIA"
"MONW   ","MAHONIA"
"MONW   ","MALUS"
"MONW   ","MAPLE"
"MONW   ","MELALEUCA"
"MONW   ","METROSIDEROS"
"MONW   ","MINTBUSH"
"MONW   ","MONSTERA"
"MONW   ","MYRTUS"
"MONW   ","NANDINA"
"MONW   ","NERIUM"
"MONW   ","OAKS"
"MONW   ","OLEANDER"
"MONW   ","OSMANTHUS"
"MONW   ","PARAHEBE"
"MONW   ","PHILADELPHUS"
"MONW   ","PHILODENDRON"
"MONW   ","PHOENIX"
"MONW   ","PHOTINIA"
"MONW   ","PIERIS"
"MONW   ","PITTOSPORUM"
"MONW   ","PLATYCLADUS"
"MONW   ","POPLAR"
"MONW   ","POPULUS"
"MONW   ","PROSTANTHERA"
"MONW   ","PRUNUS"
"MONW   ","PSEUDOPANAX"
"MONW   ","PYRACANTHA"
"MONW   ","QUERCUS"
"MONW   ","RAPHIOLEPIS"
"MONW   ","RHODODENDRON"
"MONW   ","RHYNCOSPERMUM"
"MONW   ","ROSA"
"MONW   ","ROSE"
"MONW   ","ROSEMARINUS"
"MONW   ","ROSEMARY"
"MONW   ","RUSSELIA"
"MONW   ","SARSAPARILLA"
"MONW   ","SHEOAK"
"MONW   ","SPIRAEA"
"MONW   ","SYRINGA"
"MONW   ","SYZYGIUM"
"MONW   ","TAXUS"
"MONW   ","TEATREE"
"MONW   ","THRYPTOMENE"
"MONW   ","TRACHELOSPERMUM"
"MONW   ","UMBELLULARIA"
"MONW   ","VIBURNUM"
"MONW   ","WA PEPPERMINT"
"MONW   ","WASHINGTONIA"
"MONW   ","WATTLE"
"MONW   ","WAX FLOWER"
"MONW   ","WEIGELA"
"MONW   ","WESTRINGIA"
"MONW   ","WILLOW MYRTLE"
"MONW   ","XYLOSMA"
"MONW   ","YUCCA"
"MONWP  ","SEE LABEL FOR PLANTS"
"MONXR  ","GERALDTON WAX FLOWER"
"MONZ   ","ZINNIA"
"MONZM  ","TREE"
"MONZV1 ","CUT TREE STUMP"
"MONZV1 ","CUT-STUMP"
"MONZV1 ","TREE STUMP - CUT"
"MOPMP  ","& ASSOCIATED PROBLEM WOODY"
"MOPMP  ","REGROWTH BRIGALOW"
"MOPMP  ","WEEDS ON GRAZING LAND"
"MOPY   ","PELLITORY"
"MOPY   ","SPANISH CHAMOMILE"
"MSB1   ","PLANTBED"
"MSB1QPS","CRITICAL USE EXEMPTION (CUE)"
"MSB1QPS","QPS"
"MSB1QPS","QUARANTINE AND PRE-SHIPMENT"
"MSBB   ","ALLIUM"
"MSKI   ","BOARD"
"MSOCB","Brassica juncea"
"MSOCB","Cultivars"
"MSOCB","Mustard Oilseed"
"MSSCB","Brassica juncea"
"MSSCB","Cultivars"
"MSSCB","Mustard Oilseed"
"MTF    ","including golf courses (e.g., fairways, greens, tees) and sports turf (e.g. football and rugby pitches, tennis, bowls and cricket pitches), racetracks, parklands and commercial and residential lawns."
"MTFA1  ","ESTABLISHED"
"MTFAA  ","GENERAL GRASSED AREAS"
"MTFBH  ","DOMESTIC TURF"
"MTFBS  ","SEED"
"MTFC   ","BERMUDA GRASS"
"MTFC   ","ESTABLISHED TURF"
"MTFC   ","GREEN COUCH"
"MTFC   ","INDIAN COUCH"
"MTFC   ","INDIAN DOUB"
"MTFCE  ","QUEENSLAND BLUE COUCH (INCL.)"
"MTFCN","nature strips"
"MTFCS  ","SALT GRASS"
"MTFCSP ","SPORTING AREA"
"MTFCSW ","seashore paspalum"
"MTFD   ","BENT QUEENSLAND BLUE"
"MTFD   ","TURF"
"MTFDG  ","ESTABLISHED TURF"
"MTFDG  ","SWEET SMOTHER GRASS"
"MTFDS  ","BOWLING GREENS"
"MTFDS  ","GOLF GREENS"
"MTFDS  ","PARKS"
"MTFDS  ","QUEENSLAND BLUE COUCH GRASS"
"MTFDS  ","SPORTING AREA"
"MTFGB  ","PUTTING"
"MTFGM  ","FAIRWAY - FESCUE"
"MTFICL ","COMMERCIAL LAWN"
"MTFICL ","SEE LABEL FOR VARIETIES"
"MTFJ   ","BOWLING GREEN"
"MTFJ   ","COMMERCIAL LAWN"
"MTFJ   ","GOLF FAIRWAY"
"MTFJ   ","GOLF GREEN"
"MTFJ   ","GOLF TEE"
"MTFJ   ","INDUSTRIAL LAWN"
"MTFJ   ","MUNICIPAL SPORTS FIELD"
"MTFJ   ","OVAL"
"MTFJ   ","PARK"
"MTFJ   ","PLAYING FIELD"
"MTFNB  ","SEASIDE BENT"
"MTFNG  ","BENTGRASS - PENNCROSS"
"MTFNH  ","AGROSTIS VULGARIS"
"MTFNH  ","NEW ZEALAND BROWN TOP HIGHLAND"
"MTFNSA ","BOWLING GREENS"
"MTFNSA ","GOLF GREENS"
"MTFNSA ","PARKS"
"MTFNSA ","SPORTING AREA"
"MTFO   ","""SIR WALTER BUFFALO"""
"MTFQPS ","CRITICAL USE EXEMPTION (CUE)"
"MTFQPS ","QUARANTINE AND PRE-SHIPMENT"
"MTFRL  ","FESCUE"
"MTFS   ","suppression and seedhead control - In golf courses long roughs, lawns, median strips, ovals, parks, roadsides, general grassed area"
"MTFSE  ","BENT LAWN"
"MTFSE  ","BUFFALO LAWN"
"MTFSE  ","COUCH LAWN"
"MTFSE  ","RYEGRASS LAWN"
"MTFSP  ","SPOT SPRAYING IN LAWN"
"MTFSP  ","SPOT SPRAYING IN TURF"
"MTFWM  ","TURF SURFACE"
"MTFX   ","BROADLEAF CARPET"
"MTFZ   ","BROWN TOP"
"MTFZ   ","NEW ZEALAND BROWNTOP"
"MTFZ   ","SILKY BROWNTOP"
"MTFZ   ","SUGAR GRASS"
"MTHC2","Established Turf"
"MTHCD  ","COMMON COUCH"
"MTHCD  ","ESTABLISHED TURF"
"MUSTARD","oilseed cultivars, brassica juncea"
"NAAEI  ","CRACKS"
"NAAEI  ","CREVICES"
"NAAEI  ","ELECTRICAL AREAS"
"NAAEI  ","VOIDS"
"NAAEI  ","WALL CAVITIES"
"NAAET  ","FENCES"
"NAAET  ","GARDEN BEDS"
"NAAET  ","RETAINING WALLS"
"NT2    ","ALMOND"
"NT2    ","MACADAMIA"
"NT2    ","PECAN"
"NT2    ","PISTACHIO"
"NT2    ","WALNUT"
"NT4    ","ALMOND"
"NT4    ","MACADAMIA"
"NT4    ","PECAN"
"NT4    ","PISTACHIO"
"NT4    ","WALNUT"
"NTCRP  ","CROP STUBBLE OR OTHER"
"NTCRP  ","SIMILAR GROUND COVER"
"NTCRP  ","STUBBLE OF HARVESTED CROP"
"NTFD1","Anise myrtle (Syzygium anisatum),"
"NTFD1","Davidson?s plum (Davidsonia johnsonii),"
"NTFD1","Desert lime (Citrus glauca),"
"NTFD1","Desert quandong (Santalum acuminatum),"
"NTFD1","Desert raisin (Solanum centrale),"
"NTFD1","Finger lime (Citrus australasica),"
"NTFD1","Kakadu plum (Terminalia ferdinandiana),"
"NTFD1","Lemon myrtle (Backhousia citriodora),"
"NTFD1","Lilly pilly (Syzygium lehumannii),"
"NTFD1","Mullumbimby plum (Davidsonia jerseyana),"
"NTFD1","Muntrie berry (Kunzea pomifera),"
"NTFD1","Native pepper (Tasmanian lanceolata),"
"NTFD1","Queensland Davidson?s plum (Davidsonia pruriens),"
"NTFD1","Small Red Apple (Syzygium fibrosum),"
"NTFD1","Wattles (Acacia spp.),"
"NTS    ","ALMOND"
"NTS    ","MACADAMIA"
"NTS    ","PECAN"
"NTS    ","PISTACHIO"
"NTS    ","WALNUT"
"NTSG   ","own choice, H2 variety"
"NTSG4  ","FIELD TREATMENT"
"NTSK1  ","NUT"
"OILSD","canola, cotton, soybeans and sunflowers"
"OUTDR1","Treatments and Structures"
"PAAECL ","COVER CROPS IN VINEYARDS"
"PAAP   ","CULTIVATION"
"PAAP   ","FULL SOIL DISTURBANCE"
"PAAP   ","IMPROVED PASTURE"
"PAAP   ","MINIMAL OR NO SOIL DISTURBANCE"
"PAAP   ","TYNED INSTRUMENT"
"PAAPW  ","BY CULTIVATION AND/OR SOWING"
"PAAPW  ","PRIOR TO DISTURBANCE"
"PAAPW  ","TYNED EQUIPMENT"
"PAAR   ","ESTABLISHED PASTURE"
"PAAR   ","PASTURE IMPROVEMENT"
"PAAR   ","PRIOR TO SOWING IN NEXT YEAR"
"PAAR   ","REDUCE WEED BURDEN"
"PAAR   ","RUNDOWN PASTURES"
"PAASC  ","PASTURE TOPPING"
"PAASD  ","PASTURE TOPPING"
"PAAW   ","SET"
"PAAW   ","WEED"
"PABG   ","BEFORE SOWING A CROP"
"PABG   ","BEFORE SOWING A PASTURE"
"PABG   ","IMPROVED PASTURE SPECIES"
"PABG   ","PRIOR TO ESTABLISHING CROP"
"PABG   ","SUPPRESSION"
"PABG1  ","IMPROVED PASTURE SPECIES"
"PABG1  ","PRIOR TO ESTABLISHING CROP"
"PABG2  ","BROADACRE PREMERGENT"
"PABG2  ","PASTURE PRE-ESTABLISHMENT"
"PAC1   ","AUTUMN/EARLY WINTER"
"PAC1   ","LATE WINTER/EARLY SPRING"
"PAC2   ","AUTUMN/EARLY WINTER"
"PACB3","non-crop boundaries"
"PACBP  ","FALLOWS AND SEEDBEDS"
"PACBP  ","PREPARATORY SPRAY"
"PACDCL ","COVER CROPS IN VINEYARDS"
"PACDN  ","SOWN"
"PACL   ","COVER CROP"
"PACSL  ","BACCHUS MARSH"
"PACSL  ","CLARE"
"PACSL  ","DALIAK"
"PACSL  ","DALKEITH"
"PACSL  ","DWALGANUP"
"PACSL  ","ESPERANCE"
"PACSL  ","GERALDTON"
"PACSL  ","MOUNT BARKER"
"PACSL  ","NORTHAM"
"PACSL  ","NUNGARIN"
"PACSL  ","SEATON PARK"
"PACSL  ","SUB CLOVER PASTURE"
"PACSL  ","SUBTERRANEAN CLOVER PASTURE"
"PACSL  ","TRIKKALA"
"PACSL  ","WOOGENELLUP"
"PACST  ","For forage, hay or seed production"
"PACST  ","SUBTERRANEAN CLOVER"
"PACST  ","WHITE CLOVER"
"PAEC   ","MINIMAL DISTURBANCE"
"PAEC   ","NO SOIL DISTURBANCE"
"PAEC   ","SUPPRESSION PRIOR TO"
"PAFLM  ","CROPS CONTAIN. LUCERNE & MEDIC"
"PAFSL  ","CEREAL STUBBLE"
"PAFSL  ","CLOVER"
"PAFSL  ","GRASSES"
"PAFSL  ","LUCERNE"
"PAFSL  ","MEDICS"
"PAFSL  ","SEE LABEL FOR INCLUSIONS"
"PAGP   ","CONTROL OF PASTURE SPECIES"
"PAGP   ","ESTABLISHING PERENNIAL GRASS"
"PAGP   ","PRIOR TO DRILLING FORAGE"
"PAGP   ","SEED HEAD SUPPRESSION"
"PAGP   ","SPECIES OR SOYBEAN"
"PAGS1  ","SPRAY-GRAZE TECHNIQUE"
"PAGS1  ","SUB CLOVER"
"PALFF","For forage, hay or seed production"
"PALP","Grown for forage, hay or seed production"
"PAM    ","BARREL MEDIC"
"PAM    ","For forage, hay or seed production"
"PAM    ","SNAIL MEDIC"
"PAM    ","SPINELESS BURR MEDIC"
"PAMAD  ","FORAGE SPECIES"
"PAMAD  ","SOYBEANS"
"PAMAF  ","PRIOR TO DRILLING"
"PAMAF  ","PRIOR TO SEEDING FORAGE SPECIE"
"PAMAF  ","SUPPRESSION/CONTROL"
"PAMAL  ","SUPPRESSION/CONTROL"
"PAMAS  ","CONTROL/SUPPRESSION"
"PAMAS  ","PRIOR TO DRILLING"
"PAMB1  ","CLOVER"
"PAMB1  ","LUCERNE"
"PAMBP  ","BARREL MEDIC"
"PAML   ","BORUNG"
"PAML   ","CYPRUS"
"PAML   ","HANNAFORD"
"PAML   ","HARBINGER"
"PAML   ","JEMALONG"
"PAML   ","ROBINSON"
"PAML   ","TORNAFIELD"
"PAMN1  ","CLOVER"
"PAMN1  ","LUCERNE"
"PANE   ","RANUNCULUS"
"PANE2  ","RANUNCULUS"
"PANE3  ","RANUNCULUS"
"PAONA  ","NATIVE PASTURE"
"PAOP   ","CANARY GRASS"
"PAOPC  ","PHALARIS CV. SIROLAN"
"PAOPC  ","PHALARIS CV. SIROSA"
"PAOPS  ","CANARY GRASS"
"PAOV4  ","IBS"
"PAOVP  ","TARES"
"PAP    ","PERENNIAL"
"PAP    ","RANGELAND"
"PAPAPV","For suppression of established weeds and perennial species on paths, patios, pavers and concrete "
"PAPOA  ","PASTURE RENOVATION"
"PAPOA  ","REDUCTION OF GROUND COVER"
"PAPOA  ","TOPPING"
"PASB1  ","CLOVER"
"PASB1  ","LUCERNE"
"PASB1  ","PASTURE"
"PASR   ","FRENCH CV ERICA"
"PAST   ","CONSERVATION TILLAGE"
"PAST   ","DIRECT DRILLING"
"PAST   ","FALLOW MAINTENANCE"
"PAST   ","SURFACE SOWING"
"PCPP","SWEET/ CAPSICUM AND CHILLI"
"PCPPF","Capsicum and Chilli"
"PCUPM  ","MACROCARPA HEDGE"
"PEAS","Fresh and for processing"
"PFFE1  ","AUTUMN/EARLY WINTER"
"PFFE1  ","LATE WINTER/EARLT SPRING"
"PFFE2  ","FESCUE 2ND YEAR OR OLDER CROPS"
"PFFEDP ","DEMETER FESCUE 3-6 LEAF STAGE"
"PGAP   ","ABELIA"
"PGAP   ","ACACIA"
"PGAP   ","ACALYPHA"
"PGAP   ","ACER"
"PGAP   ","ACTOSTAPHYLOS"
"PGAP   ","AGONIS"
"PGAP   ","ALLOCASUARINA"
"PGAP   ","ARDISIA"
"PGAP   ","AZALEA"
"PGAP   ","BACCHARIS"
"PGAP   ","BANKSIA"
"PGAP   ","BARBERRY"
"PGAP   ","BAUHINIA"
"PGAP   ","BEECH TREE"
"PGAP   ","BERBERIS"
"PGAP   ","BETULA"
"PGAP   ","BIGNONIA"
"PGAP   ","BORONIA"
"PGAP   ","BOTTLEBRUSH"
"PGAP   ","BOX"
"PGAP   ","BROOM"
"PGAP   ","BUXUS"
"PGAP   ","CALLISTEMON"
"PGAP   ","CALLITRIS"
"PGAP   ","CALLUNA"
"PGAP   ","CALYTRIX"
"PGAP   ","CAMELLIA"
"PGAP   ","CASSIA"
"PGAP   ","CASUARINA"
"PGAP   ","CEANOTHUS"
"PGAP   ","CHAMELAUCIUM UNCINATUM"
"PGAP   ","CISTUS"
"PGAP   ","CLAYERA"
"PGAP   ","CLEMATIS"
"PGAP   ","CLYOSTOMA"
"PGAP   ","COLEONEMA"
"PGAP   ","COPROSMA"
"PGAP   ","CORREA"
"PGAP   ","COTONEASTER"
"PGAP   ","CUPHEA"
"PGAP   ","CYPRESS PINE"
"PGAP   ","CYTISUS"
"PGAP   ","DODONEA"
"PGAP   ","ERICA"
"PGAP   ","ERIOSTEMON MYOPOROIDES"
"PGAP   ","ESCALLONIA"
"PGAP   ","EUCALYPTUS"
"PGAP   ","EUONYMUS"
"PGAP   ","EUTAXIA"
"PGAP   ","FATSHEDERA"
"PGAP   ","FELICIA"
"PGAP   ","FUSCHIA"
"PGAP   ","GARDENIA"
"PGAP   ","GERALDTON WAX"
"PGAP   ","GINGKO"
"PGAP   ","GREVILLEA"
"PGAP   ","GROUNDSEL BUSH"
"PGAP   ","HAKEA"
"PGAP   ","HARDENBERGIA"
"PGAP   ","HEATH"
"PGAP   ","HIBBERTIA"
"PGAP   ","HIBISCUS"
"PGAP   ","HONEY MYRTLE"
"PGAP   ","HONEYSUCKLE"
"PGAP   ","HOPBUSH"
"PGAP   ","ILEX"
"PGAP   ","JASMINUM"
"PGAP   ","JUSTICA"
"PGAP   ","KALMIA"
"PGAP   ","KENNEDIA"
"PGAP   ","KOELREUTERIA"
"PGAP   ","LAGENARIA"
"PGAP   ","LAGERSTROEMIA"
"PGAP   ","LANTANA"
"PGAP   ","LAVENDER"
"PGAP   ","LAVENDULA"
"PGAP   ","LECHENAULTIA"
"PGAP   ","LEPTOSPERMUM"
"PGAP   ","LEUCODENDRON"
"PGAP   ","LEUCOTHOE"
"PGAP   ","LIGUSTRUM"
"PGAP   ","LIQUIDAMBER"
"PGAP   ","LIRIOPE"
"PGAP   ","LONICERA"
"PGAP   ","MAGNOLIA"
"PGAP   ","MAHONIA"
"PGAP   ","MALUS"
"PGAP   ","MAPLE"
"PGAP   ","MELALEUCA"
"PGAP   ","METROSIDEROS"
"PGAP   ","MINTBUSH"
"PGAP   ","MONSTERA"
"PGAP   ","MYRTUS"
"PGAP   ","NANDINA"
"PGAP   ","NERIUM"
"PGAP   ","OAKS"
"PGAP   ","OLEANDER"
"PGAP   ","OSMANTHUS"
"PGAP   ","PARAHEBE"
"PGAP   ","PHILADELPHUS"
"PGAP   ","PHILODENDRON"
"PGAP   ","PHOENIX"
"PGAP   ","PHOTINIA"
"PGAP   ","PIERIS"
"PGAP   ","PITTOSPORUM"
"PGAP   ","PLATYCLADUS"
"PGAP   ","POPLAR"
"PGAP   ","POPULUS"
"PGAP   ","PROSTANTHERA"
"PGAP   ","PRUNUS"
"PGAP   ","PSEUDOPANAX"
"PGAP   ","PYRACANTHA"
"PGAP   ","QUERCUS"
"PGAP   ","RAPHIOLEPIS"
"PGAP   ","RHIDODENDRON"
"PGAP   ","RHYNCOSPERMUM"
"PGAP   ","ROSA"
"PGAP   ","ROSE"
"PGAP   ","ROSEMARINUS"
"PGAP   ","ROSEMARY"
"PGAP   ","RUSSELIA"
"PGAP   ","SARSAPARILLA"
"PGAP   ","SHEOAK"
"PGAP   ","SPIRAEA"
"PGAP   ","SYRINGA"
"PGAP   ","SYZYGIUM"
"PGAP   ","TAXUS"
"PGAP   ","TEATREE"
"PGAP   ","THRYPTOMENE"
"PGAP   ","TRACHELOSPERMUM"
"PGAP   ","TREE"
"PGAP   ","UMBRELLULARIA"
"PGAP   ","VIBURNUM"
"PGAP   ","WA PEPPERMINT"
"PGAP   ","WASHINGTONIA"
"PGAP   ","WATTLE"
"PGAP   ","WAX FLOWER"
"PGAP   ","WEIGELA"
"PGAP   ","WESTRINGIA"
"PGAP   ","WILLOW MYRTLE"
"PGAP   ","XYLOSMA"
"PGAP   ","YUCCA"
"PMP    ","ON GRAZING LAND"
"PMP    ","ON OTHER GRASSLAND"
"PNPT   ","SCREW PINE"
"PNPT   ","WALKING PALM"
"PNSD","Preparatory spray for fallow/ clear felled Pinus elliottii plantations prior to replanting pine seedlings"
"POA    ","SNAPDRAGON"
"POAN   ","RANUNCULUS"
"POAT2  ","CALLISTEPHUS"
"POAT2  ","SUMMER ASTER"
"POAT3  ","CALLISTEPHUS"
"POCE3  ","SENECIO"
"POCNS  ","ABIES"
"POCNS  ","CHAMAECYPARIS"
"POCNS  ","COASTAL REDWOOD"
"POCNS  ","CRYPTOMERIA"
"POCNS  ","CUPRESSUS"
"POCNS  ","CYPRESS"
"POCNS  ","DOUGLAS FIR"
"POCNS  ","FALSE CYPRESS"
"POCNS  ","FIR TREE"
"POCNS  ","JAPANESE YEW"
"POCNS  ","JUNIPERS"
"POCNS  ","JUNIPERUS"
"POCNS  ","LAWSON CYPRESS"
"POCNS  ","OREGON PINE"
"POCNS  ","ORIENTAL ARBORVITAE"
"POCNS  ","PICEA"
"POCNS  ","PINE"
"POCNS  ","PINUS"
"POCNS  ","PLATYCLADUS ORIENTALIS"
"POCNS  ","PODOCARPUS"
"POCNS  ","PSEUDOTSUGA MENZIESII"
"POCNS  ","SEQUOIA SEMPERVIRENS"
"POCNS  ","SPRUCE"
"POCNS  ","TAXUS CUSPIDATA"
"POCNS  ","THUJA"
"POCSS  ","ABIES"
"POCSS  ","CHAMAECYPARIS"
"POCSS  ","COASTAL REDWOOD"
"POCSS  ","CRYPTOMERIA"
"POCSS  ","CUPRESSUS"
"POCSS  ","CYPRESS"
"POCSS  ","DOUGLAS FIR"
"POCSS  ","FALSE CYPRESS"
"POCSS  ","FIR TREES"
"POCSS  ","JAPANESE YEW"
"POCSS  ","JUNIPERS"
"POCSS  ","JUNIPERUS"
"POCSS  ","LAWSON CYPRESS"
"POCSS  ","OREGON PINE"
"POCSS  ","ORIENTAL ARBORVITAE"
"POCSS  ","PICEA"
"POCSS  ","PINE"
"POCSS  ","PINUS"
"POCSS  ","PLATYCLADUS ORIENTALIS"
"POCSS  ","PODOCARPUS"
"POCSS  ","PSEUDOTSUGA MENZIESII"
"POCSS  ","SEQUOIA SEMPERVIRENS"
"POCSS  ","SPRUCES"
"POCSS  ","TAXUS CUSPIDATA"
"POCSS  ","THUJA"
"POLETREAT","eg transmission poles, fence posts and palings"
"PON    ","FLOWERING SHRUB"
"PON    ","FOLIAGE ORNAMENTALS"
"PONP   ","DIRECT SEED"
"PONP   ","ROOTED CUTTING"
"PONP   ","SEEDLING"
"PONP   ","UNSTRUCK CUTTING"
"PONS1  ","AROUND"
"POOR1  ","PRICKING-OFF SEEDLING"
"POOX1  ","PRICKING-OFF SEEDLING"
"POPC1  ","PRICKING-OFF SEEDLING"
"POPH   ","HARDY PLANTS"
"PORA   ","ANEMONE"
"PORH   ","SCINDAPSUS"
"POSC   ","RHAPHIDOPHORA"
"PPTS","legume and grass pastures"
"PREH","FOR APPLICATION PRIOR TO CUTTING FOR HAY OR SILAGE AND WEED CONTROL AND PREVENTION OF REGROWTH"
"PROPA","Up to 25mm thickness "
"PROPO","up to 25mm thickness"
"PRPPP  ","PRIOR TO PLANTING"
"PSC1   ","OIL"
"PSC1   ","YOUNG PLANT OF OIL SEEDS"
"PSCA1  ","AUTUMN/EARLY WINTER"
"PSCA1  ","LATE WINTER/EARLY SPRING"
"PSCAMP ","MEDEA RYEGRASS 3-6 LEAF STAGE"
"PSCC1  ","PHALARIS - 3-6 LEAF STAGE"
"PSCC2  ","AUTUMN/EARLY WINTER"
"PSCC2  ","LATE WINTER/EARLY SPRING"
"PSCCAP ","SIROCCO - 3-6 LEAF STAGE"
"PSCE1  ","AUTUMN/EARLY WINTER"
"PSCE1  ","LATE WINTER/EARLY SPRING"
"PSCECP ","COCKSFOOT - 3-6 LEAF STAGE"
"PSCF3  ","CLOVER"
"PSCF3  ","LUCERNE"
"PSCF3  ","MEDICS"
"PSCF3  ","UNDERSOWN (REFER TO LABEL)"
"PSCG1  ","CLOVER"
"PSCG1  ","LUCERNE"
"PSCG1  ","MEDICS"
"PSCGR2 ","CURRIE COCKSFOOT"
"PSCGR2 ","DEMETER FESCUE"
"PSCGR2 ","SEEDLING PANCIUM MAXIMUM"
"PSCGR2 ","SEEDLING SIGNAL GRASS"
"PSCGR2 ","SIROCCO PHALARIS"
"PSCJ   ","BARREL MEDIC"
"PSCJ   ","SNAIL MEDIC"
"PSCJ   ","SPINELESS BURR MEDIC"
"PSCK   ","BERSEEM CLOVER"
"PSCK   ","RED CLOVER"
"PSCK   ","STRAWBERRY CLOVER"
"PSCK   ","SUBTERRANEAN CLOVER"
"PSCK   ","WHITE CLOVER"
"PSCL   ","CONT' CHICORY & PLANTAIN"
"PSCL   ","LUCERNE, CLOVER & MEDIC"
"PSCO1  ","GUINEA GRASS SEED CROP - EST"
"PSCOS  ","PANICUM MAXIMUM - SEEDLING"
"PSCSS  ","ESTABLISHED CROPS"
"PSCSS  ","SIGNAL GRASS SEEDLING"
"PSEC   ","SEE LABEL FOR PLANTS"
"PSFC   ","CEREAL"
"PSFC   ","CLOVER"
"PSFC   ","LEGUMES FOR ANIMAL FEED"
"PSFC   ","LUCERNE"
"PSFC   ","MEDIC"
"PTSP","Adhesive to assist installation"
"PTSP","For attaching to concrete or masonry"
"PULSE1","Chickpeas, faba beans, field peas, lentils, lupins and mungbeans"
"PYNS","Pyrethrum"
"REPEL","(excluding clothing) and mosquito nets (i) Nylon (ii) Cotton and cotton blends"
"RMNG","Under trees and vines in orchards and vineyards; Non-crop areas such as verges, paths, driveways, around sheds and other buildings; firebreaks; spot spraying in lawns and turf."
"ROHG1","Root Herbs: Galangal "
"RTV","BEETROOT, CARROT, PARSNIP, RADISH, SWEDE, TURNIP, SWEET POTATO; EXCEPT POTATO"
"RUB","Dewberries (incl boysenberries, loganberries), blackberries, raspberries, cloudberries, youngberries"
"SCAA   ","PRODUCE"
"SCAAQPS","CRITICAL USE EXEMPTION (CUE)"
"SCAAQPS","QUARANTINE & PRE-SHIPMENT(QPS)"
"SCABQPS","CRITICAL USE EXEMPTION (CUE)"
"SCABQPS","QUARANTINE & PRE-SHIPMENT(QPS)"
"SCAG   ","PASTURE TOPPING"
"SCFDQPS","CRITICAL USE EXEMPTION (CUE)"
"SCFDQPS","QUARANTINE & PRE-SHIPMENT(QPS)"
"SCGA   ","MALTING BARLEY"
"SCGA   ","SORGHUM"
"SCGA3  ","BARLEY"
"SCGA3  ","MILLET"
"SCGA3  ","OATS"
"SCGA3  ","RICE"
"SCGA3  ","SORGHUM"
"SCGA3  ","WHEAT"
"SCGA6  ","BARLEY"
"SCGA6  ","MILLET"
"SCGA6  ","OATS"
"SCGA6  ","RICE"
"SCGA6  ","SORGHUM"
"SCGA6  ","WHEAT"
"SCGAX  ","SEE LABEL FOR EXCEPTIONS"
"SCGC   ","AUGERS"
"SCGC   ","FIELD BINS"
"SCGC   ","SEEDERS"
"SCGHC  ","BARLEY"
"SCGHC  ","OATS"
"SCGHC  ","RICE"
"SCGHC  ","TRITICALE"
"SCGHC  ","WHEAT"
"SCGIS  ","GRAIN ENTERING STORAGE"
"SCGS1  ","BARLEY"
"SCGS1  ","OATS"
"SCGS1  ","PADDY RICE"
"SCGS1  ","TRITICALE"
"SCGS1  ","WHEAT"
"SCPSFQP","CRITICAL USE EXEMPTION (CUE)"
"SCPSFQP","QUARANTINE & PRE-SHIPMENT(QPS)"
"SCVA   ","VEGETABLE"
"SHIPI","Interior"
"SHRS","Equine - sporting"
"SMCR","Cotton, Cowpea, Lucerne, Mung beans, Navy beans, Peanuts, Soybeans, Sunflowers."
"SOTIM  ","PREVENTATIVE TREATMENT"
"SOTIM  ","SOUND TIMBER - WET/DAMP"
"SOTIM  ","SUSCEPTIBLE TIMBER"
"SOTR","Chemical soil treated zones under and around new buildings and structures"
"SPICE1","Spices: Turmeric "
"STP    ","STAIRS"
"SWC","Autumn/early Winter"
"SWL    ","NON STABILISED POOLS"
"SWL    ","STABILISED POOLS"
"SWS    ","OUTDOOR SPA"
"SWS    ","SPA POOLS"
"SWS1   ","DOMESTIC"
"SWST   ","SWIMMING POOL - SALTWATER"
"TEA1","Teas: Lemon verbena "
"TGRAPES","barlinka"
"TGRAPES","red emperor, red prince, red malaga, cardinal, muscat of hamburg, flame seedless"
"TIM    ","WATERBORNE PRESSURE TREATED "
"TIM    ","WOOD"
"TIM1   ","HARDWOOD"
"TIM1   ","SOFTWOOD"
"TIM2   ","NORMAL CONDITIONS"
"TIM2   ","SEVERE CONDITIONS"
"TIM2   ","SUMMER OR LONG STOCK PILING"
"TIM2   ","WINTER OR SHORT STOCK PILING"
"TIMAB  ","TIMBER - HAZARD LEVEL(H3)"
"TIMAE  ","BOAT SHED"
"TIMAE  ","JETTY"
"TIMAE  ","MARINA"
"TIMAE  ","WHARF"
"TIMAO  ","HAZARD CLASS H3"
"TIMB2  ","HAZARD CLASS H2"
"TIMB3","Treated by Sufrace Spray or Dip H2"
"TIMB4","Hazard Class 3"
"TIMC   ","BEARER"
"TIMC   ","JOIST"
"TIME   ","DECKS"
"TIME   ","FENCES"
"TIME   ","PLYWOOD"
"TIMF   ","H2F WITH AS1604"
"TIMF   ","TIMBER - HAZARD CLASS(H2)"
"TIMFS1 ","HIGH RISK SITUATION"
"TIMFS1 ","LOW RISK SITUATION"
"TIMFS1 ","RESISTANT TIMBER"
"TIMFS1 ","STORAGE UP TO 3 MONTHS"
"TIMFS1 ","STORAGE UP TO 6 MONTHS"
"TIMFS1 ","SUSCEPTIBLE TIMBER"
"TIMFS1 ","TIMBER STORED IN AIR FILLET"
"TIMFS1 ","TIMBER STORED IN BLOCK STACK"
"TIMFSW ","FRESH WATER"
"TIMFSW ","SALT WATER"
"TIMFW","Timber - Hazard level (H5)"
"TIMGF  ","GARDEN FURNITURE"
"TIMGF  ","TIMBER FURNITURE"
"TIMIB","Timber - Hazard Level (H4)"
"TIML   ","BEAMS"
"TIML   ","HARDWOOD"
"TIML   ","PLYBOARD"
"TIML   ","SOFTWOOD"
"TIMLPB ","FRESHLY FELLED PINE LOGS"
"TIMMW","Timber - Hazard Level (H6)"
"TIMO   ","FARM FURNITURE"
"TIMO   ","WOODEN PALLETS"
"TIMP   ","Posts"
"TIMP1  ","COMPLY:DPIE QUARANTINE REG."
"TIMP1  ","FOR EXPORT"
"TIMP2  ","TIMBER - HAZARD CLASS(H2)"
"TIMPG  ","POWER POLES"
"TIMPL  ","AQIS "
"TIMPL  ","FOR EXPORT IN COMPLIANCE WITH "
"TIMPL  ","HARDWOOD"
"TIMPL  ","SOFTWOOD"
"TIMPP  ","DOMESTIC TIMBER"
"TIMPP  ","INDUSTRIAL TIMBER"
"TIMQPS ","CRITICAL USE EXEMPTION (CUE)"
"TIMQPS ","QUARANTINE & PRE-SHIPMENT(QPS)"
"TIMS   ","IN SITU TIMBERS"
"TIMSI  ","TIMBER - HAZARD LEVEL(H1)"
"TIMSI  ","TIMBER - HAZARD LEVEL(H2)"
"TIMSI  ","TIMBER - HAZARD LEVEL(H3)"
"TIMSI  ","TIMBER - HAZARD LEVEL(H4)"
"TIMSI  ","TIMBER - HAZARD LEVEL(H5)"
"TIMSO  ","TIMBER - HAZARD CLASS(H2)"
"TIMSOP ","PARTICLE BOARD"
"TIMSP  ","SLEEPER"
"TIMSP  ","WOOD"
"TIMSR  ","TIMBER - HAZARD CLASS(H1)"
"TIMSR  ","TIMBER - HAZARD CLASS(H2)"
"TLGCH1 ","COUCH - COMMON"
"TLGCH1 ","COUCH - GREENLEES PARK"
"TLGCH1 ","COUCH - NATIONAL PARK"
"TLGCH1 ","COUCH - SPORTS WAY"
"TLGCH1 ","COUCH - WAGGA CITY"
"TLGCH1 ","COUCH - WINTERGREEN"
"TLGCH2 ","SANTA ANA"
"TLGCH2 ","TIFGREEN"
"TPS    ","TERRACOTTA"
"TS     ","GRAVESTONE"
"TS     ","HEADSTONE"
"VB1    ","BROCCOLI"
"VB1    ","BRUSSELS SPROUT"
"VB1    ","CABBAGE"
"VB1    ","CAULIFLOWER"
"VBAM   ","CHINESE MUSTARD"
"VBAM   ","INDIAN MUSTARD"
"VBDA   ","TARO"
"VG     ","BULB VEGETABLE"
"VG     ","COLE VEGETABLE"
"VG     ","CUCURBIT"
"VG     ","FRUITING CUCURBIT"
"VG     ","LEAFY VEGETABLE"
"VG     ","LEGUME VEGETABLE"
"VG     ","ROOT VEGETABLE"
"VG     ","STALK VEGETABLE"
"VG     ","STEM VEGETABLE"
"VG     ","TUBER VEGETABLE"
"VGAA   ","ASPARAGUS"
"VGAA   ","CELERY"
"VGAA   ","RHUBARB"
"VGAB   ","POTATO"
"VGAB   ","SWEET POTATO"
"VGAC   ","GARLIC"
"VGAC   ","ONION"
"VGAC   ","RADISH"
"VGAC   ","SHALLOT"
"VGAF2","including but not limited to Bush tomato, Capsicum (Pepper), Cherry tomato, Chili, Eggplant, Ground cherries, Okra, Sunberry, Tomatillo, Tomato"
"VGAL   ","VERA"
"VGALM  ","VERA"
"VGBA1  ","GLASSHOUSE & POLYHOUSE"
"VGBA1  ","IN COVERED CROP SITUATIONS"
"VGBA1  ","INCLUDING SHADEHOUSE"
"VGBA2  ","EXCEPT GREENHOUSE"
"VGBB1  ","BAI LAN"
"VGBB1  ","GAI LUM"
"VGBB1  ","KAI LAN"
"VGBD   ","Large, field grown for fresh consumption"
"VGBD2  ","GLASSHOUSE & POLYHOUSE"
"VGBD2  ","IN COVERED CROP SITUATIONS"
"VGBD2  ","INCLUDING SHADEHOUSE"
"VGBD2  ","INTER ROW SPACES OF FURROW"
"VGBD2  ","IRRIGATED TOMATOES"
"VGBD4  ","NOT TRELLISED TOMATOES"
"VGBD9  ","INTER ROW"
"VGBDBT ","TOMATO TRELLIS"
"VGBDG  ","PROTECTED CROP"
"VGBDTT ","STAKED TOMATOES"
"VGBR   ","BROCCOLI"
"VGBR   ","BROCCOLINI"
"VGBR   ","BRUSSELS SPROUT"
"VGBR   ","CABBAGE"
"VGBR   ","CAULIFLOWER"
"VGBR   ","CHARD- SWISS"
"VGBR   ","CHINESE CABBAGE"
"VGBR   ","CRESS"
"VGBR   ","KOHLRABI"
"VGBR2","head cabbage, cauliflower, broccoli, Brussels sprout, kohlrabi"
"VGC    ","ASIAN MELONS"
"VGC    ","CANTALOUPE"
"VGC    ","CHOKO"
"VGC    ","CUCUMBER"
"VGC    ","GHERKIN"
"VGC    ","HONEYDEW MELON"
"VGC    ","MARROW"
"VGC    ","MELON"
"VGC    ","MUSKMELON"
"VGC    ","PUMPKIN"
"VGC    ","ROCKMELON"
"VGC    ","SQUASH"
"VGC    ","WATERMELON"
"VGC    ","ZUCCHINI"
"VGCA   ","CUCURBIT"
"VGCA1  ","GLASSHOUSE & POLYHOUSE"
"VGCA1  ","IN COVERED CROP SITUATIONS"
"VGCA1  ","INCLUDING SHADEHOUSE"
"VGCAP  ","CUCURBIT"
"VGCH   ","CUCURBIT"
"VGD    ","BROCCOLI"
"VGD    ","BRUSSELS SPROUT"
"VGD    ","CABBAGE"
"VGD    ","CAULIFLOWER"
"VGD    ","KALE"
"VGD    ","KOHLRABI"
"VGDA1  ","ASIAN GREENS"
"VGDC   ","HEAD CABBAGE"
"VGDH   ","AM SOI"
"VGDH   ","BOK CHOY"
"VGDH   ","CHINESE CHARD"
"VGDH   ","CHINESE FLAT CABBAGE"
"VGDH   ","CHINESE MUSTARD"
"VGDH   ","CHINESE WHITE CABBAGE"
"VGDH   ","GAI CHOI"
"VGDH   ","HAKSUKAI"
"VGDH   ","INDIAN MUSTARD"
"VGDH   ","KAI CHOI"
"VGDH   ","LEAFY MUSTARD"
"VGDH   ","MIBUNA"
"VGDH   ","MUSTARD CABBAGE"
"VGDH   ","PAK CHOI"
"VGDH   ","PET SAI"
"VGDH   ","TAT SOI"
"VGDH   ","TAT SOY"
"VGDH   ","WONG BOK"
"VGDH1  ","CHOI SUM"
"VGDT   ","GREENS & ROOTS"
"VGFC   ","UP TO TIME OF FLOWERING ONLY"
"VGFH   ","BULB"
"VGFH1  ","BULB"
"VGG    ","CAPSICUM"
"VGG    ","EGGPLANT"
"VGG    ","PEPPER"
"VGG    ","TOMATO"
"VGGPY  ","ASPARAGUS"
"VGGPY  ","BEAN"
"VGGPY  ","BEETROOT"
"VGGPY  ","BROCCOLI"
"VGGPY  ","BRUSSELS SPROUT"
"VGGPY  ","CABBAGE"
"VGGPY  ","CAPSICUM"
"VGGPY  ","CARROT"
"VGGPY  ","CAULIFLOWER"
"VGGPY  ","CELERY"
"VGGPY  ","EGGPLANT"
"VGGPY  ","ONION"
"VGGPY  ","PEA"
"VGGPY  ","POTATO"
"VGGPY  ","RADISH"
"VGGPY  ","RHUBARB"
"VGGPY  ","SHALLOT"
"VGGPY  ","SWEET POTATO"
"VGGPY  ","TOMATO"
"VGGPY  ","TURNIP"
"VGL    ","BABY LEAF SPINACH"
"VGL    ","CELERY"
"VGL    ","CHARD"
"VGL    ","COLE CROP"
"VGL    ","ENDIVE"
"VGL    ","GREEN LEAFY VEGETABLE"
"VGL    ","LEAFY VEGETABLES (BRASSICA)"
"VGL    ","LETTUCE"
"VGL    ","SILVER BEET"
"VGL    ","SPINACH"
"VGLA   ","DIRECT SOWN"
"VGLA1  ","HEAD VARIETIES ONLY"
"VGLANT ","CLOSED HEAD VARIETIES"
"VGLCR  ","BRASSICA"
"VGLCR  ","COLE CROP"
"VGLI   ","SPINACH BEET"
"VGLIP  ","SPINACH BEET"
"VGLM   ","KOMATSUMA"
"VGLTO1","Head and Leafy lettuce "
"VGOA   ","Bulb"
"VGOAC  ","POST-PLANTING"
"VGOB   ","PURPLEFLOWER GARLIC"
"VGOBP  ","PURPLE-FLOWER GARLIC"
"VGP    ","BEAN"
"VGP    ","BEAN SPROUT"
"VGP    ","OTHER SPROUT"
"VGP    ","PEA"
"VGP1   ","FRESH AND PROCESSING"
"VGPA   ","FRENCH BEAN"
"VGPB   ","azuki bean"
"VGPB2  ","azuki bean"
"VGPBP  ","azuki bean"
"VGPBPE ","azuki bean"
"VGPC   ","GARDEN PEA"
"VGPCIE ","FIELD PEA"
"VGPCIE ","GREEN PEA"
"VGPCIE ","NOT SNOW PEA"
"VGPCIE ","PROCESSING PEA"
"VGPCQ  ","FALLOW/PRIOR TO PLANTING"
"VGPCS  ","GARDEN PEA"
"VGPCSL ","GREEN PEA (NOT SNOW PEA)"
"VGPCSP","(including snow peas and sugar snap peas)"
"VGPCT  ","GARDEN PEA"
"VGPD   ","FABA BEAN"
"VGPDR  ","DRIED PEA"
"VGPDR  ","DRY PEA"
"VGPE   ","SOYA BEAN"
"VGPE1  ","SOYA BEAN"
"VGPE2  ","SOYA BEAN"
"VGPE3  ","SOYA BEAN"
"VGPED  ","SOYA BEAN"
"VGPEI  ","PRE PLANT INCORPORATED BY"
"VGPEI  ","SOWING APPLICATION."
"VGPEI  ","SOYA BEAN"
"VGPEP  ","SOYA BEAN"
"VGPEQ  ","SOYA BEAN"
"VGPES  ","SOYA BEAN"
"VGPH   ","PBA HERALD XT"
"VGPH   ","PBA HURRICANE XT"
"VGPH   ","POST EMERGENT"
"VGPH   ","PULSE"
"VGPH1  ","PBA HERALD XT"
"VGPH1  ","PBA HURRICANE XT"
"VGPH3  ","IBS"
"VGPHP  ","PULSE"
"VGPJ   ","DRIED BEANS"
"VGPK   ","CELERA BEAN"
"VGPK1  ","CELERA BEAN"
"VGPKE  ","CELERA BEAN"
"VGPKP  ","CELERA BEAN"
"VGPKS  ","CELERA BEAN SEED"
"VGPKS  ","LEGUME SEED"
"VGPL   ","RED KIDNEY BEAN"
"VGPL   ","RED MEXICAN BEAN"
"VGPLP  ","MEXICAN BEAN"
"VGPLP  ","RED KIDNEY BEAN"
"VGPN1  ","IBS"
"VGPQ4  ","IBS"
"VGPQ7","PSPE"
"VGPQA  ","FIELD BEAN"
"VGPQA  ","PSPE"
"VGPR   ","FABA BEAN"
"VGPR   ","GREEN BROADBEAN"
"VGPS   ","SNAP BEAN"
"VGPV   ","BARLOTTI BEAN"
"VGR    ","BEETROOT"
"VGR    ","CARROT"
"VGR    ","PARSNIP"
"VGR    ","POTATO"
"VGR    ","SWEET POTATO"
"VGR1   ","PARSNIP"
"VGR1   ","POTATO"
"VGR1   ","RADISH"
"VGR1   ","SWEET POTATO"
"VGR1   ","TURNIP"
"VGRA   ","MANGOLD"
"VGRA   ","SUGAR OR FODDER"
"VGRAB  ","BEETROOT"
"VGRAB  ","FODDER BEET"
"VGRAB  ","MANGOLD"
"VGRAB  ","SUGAR BEET"
"VGRAM  ","BEETROOT"
"VGRAM  ","FODDER BEET"
"VGRAM  ","SUGAR BEET"
"VGRAS  ","FODDER BEET"
"VGRAS  ","MANGOLD"
"VGRB   ","ROOT"
"VGRBA  ","ROOT"
"VGRBL  ","ROOT"
"VGRD   ","RADICCHIO"
"VGRD   ","SEED CROPS"
"VGRF   ","ROOT"
"VGRFP  ","ROOT"
"VGRFS  ","ROOT"
"VGRG0","Potatoes"
"VGRGT  ","STORED TABLE POTATO"
"VGRP   ","KUMARA"
"VGRPC  ","ROOTED CUTTING"
"VGRQ   ","NATIVE YAM"
"VGSA   ","STALK"
"VGSA   ","STEM"
"VGSAT  ","STALK"
"VGSAT  ","STEM"
"VGSAT3 ","STALK"
"VGSAT3 ","STEM"
"VGSAT4 ","STALK"
"VGSAT4 ","STEM"
"VGSC   ","TUBER"
"VGSCP  ","TUBER"
"VGSD   ","DIRECT SEEDED"
"VGSD   ","ESTABLISHED IN BEDS"
"VGSDX  ","TRANSPLANTED"
"VGSF   ","SWEETCORN"
"VGSFD  ","SWEETCORN"
"VGSFI  ","SWEETCORN"
"VGSFP  ","SWEETCORN"
"VGSFPP ","SWEETCORN"
"VGSFQ  ","SWEETCORN"
"VGSFS  ","SWEETCORN"
"VGSG   ","STALK"
"VGSG   ","STEM"
"VGTA   ","ROOT"
"VIBSP","Viburnum spp"
"VLB1   ","BOK CHOI"
"VLB1   ","BOK CHOY"
"VLCH   ","AM SOY"
"VLCH   ","GAI CHOY"
"VLLM   ","INDIAN MUSTARD"
"VLLM   ","KOMATSUMA"
"VLLM   ","LETTUCE (HEAD & LEAFY)"
"VLLM   ","MUSTARD SPINACH"
"VLPU   ","GARDEN"
"VLPU   ","WINTER"
"VPMB   ","CELERA BEAN"
"VSMG   ","JAPANESE GREEN"
"VSMG   ","MIZUNA GREEN"
"WATTP  ","BALCONIES AND DECKS"
"WATTP  ","BATHROOM FLOORS"
"WATTP  ","GENERAL WET AREAS"
"WATTP  ","PLANTER BOXES"
"WATTP  ","RETAINING WALLS"
"WATTP  ","ROOFS"
"WATTP  ","SHOWER RECESSES"
"WCIT   ","TERMITE"
"WHT","2 leaf to first awns visible (GS12-49)"
"WHTP","Pre-tillering, excluding durum varieties"
"WINE","semillon"
"WOAT","Control in Spring Fallows"
"WTRC","Canola, Chickpeas, Faba beans, Field peas, Lentils, Linola, Linseed, Lupins, Lucerne, Vetch, Medic and Clover pastures or seed crops"
"XAA    ","BUILDING"
"XAA    ","YARD"
"XAA2   ","storage sheds, milking and poultry sheds, barns, stables, kennels"
"XAAN   ","AERODROMES"
"XAAN   ","AROUND BUILDINGS"
"XAAN   ","Beneath electrical transmission towers"
"XAAN   ","BUILDING"
"XAAN   ","COMMERCIAL/INDUSTRIAL AREA"
"XAAN   ","DOMESTIC AREA"
"XAAN   ","DRAINS"
"XAAN   ","DRIVEWAYS"
"XAAN   ","FACTORY SITES"
"XAAN   ","FENCE LINES"
"XAAN   ","FOOTPATHS"
"XAAN   ","GUTTERS"
"XAAN   ","HEADLANDS"
"XAAN   ","OIL INSTALLATIONS"
"XAAN   ","PATHS AROUND SHEDS"
"XAAN   ","POWER STATIONS"
"XAAN   ","PUBLIC SERVICE AREA"
"XAAN   ","PUBLIC UTILITIES"
"XAAN   ","RAILWAY TRACKS"
"XAAN   ","RIGHTS OF WAY"
"XAAN   ","ROAD SHOULDERS"
"XAAN   ","ROADWAY"
"XAAN   ","SHED"
"XAANC  ","NON CROP AREA"
"XAANR","i.e. pastures, and bushland areas"
"XAANR","i.e. private property, national parks, and crown land such as nature reserves, state forests."
"XAB    ","PRIOR TO SOWING A BROADACRE"
"XAB    ","PRIOR TO SOWING SUMMER CROPS"
"XAB    ","PRIOR TO SOWING WINTER CROPS"
"XABFG  ","FOOT BATHS"
"XABFL  ","ANIMAL FEEDLOT"
"XABFL  ","CATTLE FEEDLOT"
"XABFP  ","FOOTBATH"
"XABFP  ","WALK THROUGH"
"XABFP  ","WALK-THROUGH"
"XACCO  ","PETROL DEPOT"
"XACCO  ","PETROL STATION"
"XACFHA ","COMMERICAL AREA"
"XACFHA ","DOMESTIC AREA"
"XACFPA ","FOOD SERVICE AREA"
"XACFPS ","BAKERY"
"XACFPS ","BAR"
"XACFPS ","CANNERY"
"XACFPS ","FOOD STORE"
"XACFPS ","PUBLIC AREA"
"XACFPS ","RESTAURANT"
"XACFPS ","STORAGE AREA"
"XADM   ","MILK HANDLING AREA OF DAIRY"
"XADW   ","CHEST OF DRAWERS"
"XADW   ","EMPTY DRAWER"
"XAFW   ","Prior to sowing winter crops or starting a winter fallow"
"XAGDA  ","DECK"
"XAGDA  ","GARDEN"
"XAGDA  ","PATIO"
"XAGDA  ","PORCH"
"XAGDA  ","SUNDECK"
"XAGDA  ","VERANDA"
"XAGI   ","BUG INFESTED AREA"
"XAGI   ","INSECT INFESTED AREA"
"XAGI   ","WEED INFESTED AREA"
"XAGIN1 ","ARCHITRAVE"
"XAGIN1 ","AROUND PIPES AND SINKS"
"XAGIN1 ","BASE BOARDS"
"XAGIN1 ","BEHIND REFRIGERATOR"
"XAGIN1 ","BEHIND SHELVES AND DRAWERS"
"XAGIN1 ","BEHIND STOVE"
"XAGIN1 ","CRACKS"
"XAGIN1 ","CREVICES"
"XAGIN1 ","FLOOR"
"XAGIN1 ","METER BOXES"
"XAGIN1 ","MOIST AREAS"
"XAGIN1 ","UNDER REFRIDGERATORS"
"XAGIN1 ","WALLS"
"XAGOUT ","OUTDOORS ENTERTAINING, BBQ?S, PICNICS, OUTDOOR CAMPSITES"
"XAGPL  ","PLAY GROUND"
"XAGPL  ","ROUND-ABOUT"
"XAGPL  ","SWING"
"XAGPL  ","TOYS"
"XAGWR  ","RESTRICTED"
"XAGY   ","DOCK"
"XAGY   ","JETTY"
"XAGY   ","SEA"
"XAH    ","SKIN"
"XAH    ","STORAGE AREA"
"XANCB  ","NATIONAL PARK,NATURE RESERVE"
"XANCB  ","PRIVATE PROPERTY"
"XANCB  ","STATE FORESTS"
"XAP    ","NATIONAL PARK"
"XAP    ","PARK"
"XAP    ","PUBLIC GARDEN"
"XAP    ","RESERVE"
"XAP2","Park"
"XAPPS  ","AUTUMN/WINTER SOWING"
"XAPPS  ","EARLY AUTUMN SOWING"
"XAPPS  ","MINIMISE CULTIVATION"
"XAPPS  ","PREPARE A CLEAN BED FOR SOWING"
"XAPPS  ","SOWING"
"XAPPS  ","SPRING SOWING"
"XAPPS  ","WINTER, SPRING & EARLY SUMMER"
"XAPTG  ","DIRT SURFACE"
"XAPTG  ","GRAVEL SURFACE"
"XAPTS  ","SYNTHETIC TURF"
"XAPTS  ","TURF SYNTHETIC"
"XAPU   ","SUBURB"
"XATR   ","TRIAL STRIP"
"XAVP   ","CAR PARK"
"XBA    ","ANIMAL HOUSING"
"XBA    ","IN AND AROUND"
"XBA1   ","IN AND AROUND"
"XBA1   ","NO ANIMAL HOUSING"
"XBAA   ","BARN"
"XBAA   ","CAGE"
"XBAA   ","PEN"
"XBAA   ","SHED"
"XBAA   ","STABLE"
"XBAA   ","STALL"
"XBAZ   ","PRIOR TO CONSTRUCTION"
"XBAZ   ","UNDER SLAB"
"XBCANP ","MEAT WORKS"
"XBCB   ","BEER PRODUCTION PLANT"
"XBCB   ","MILK PROCESSING PLANT"
"XBCB   ","SOFTDRINK PRODUCTION PLANT"
"XBCB   ","WINE PRODUCTION PLANT"
"XBCCBR ","BAKERY"
"XBCCBR ","FOOD AREA"
"XBCCBR ","PREMISES"
"XBCCBR ","RESTAURANT"
"XBCE   ","EXTERNAL AREAS AND SURROUNDS"
"XBCEP  ","EGG PACKING PLANT"
"XBCH   ","MOTEL"
"XBCI   ","INTERNAL AREAS & SURROUNDS"
"XBCM   ","EQUIPMENT"
"XBCM   ","FEED MILL"
"XBCM   ","FLOUR MILL"
"XBCM   ","FOOD PROCESSING PLANT"
"XBCM   ","MACHINERY"
"XBCPR  ","FACTORY"
"XBCPR  ","IN AND AROUND"
"XBCPR  ","INSTITUTION"
"XBCPR  ","RETAIL OUTLET"
"XBCPR  ","SHOP"
"XBCZ   ","PRIOR TO CONSTRUCTION"
"XBCZ   ","UNDER SLAB"
"XBD    ","DAIRY PROCESSING APPLICATIONS"
"XBDD   ","DAIRY PROCESSING APPLICATIONS"
"XBDE   ","EXTERNAL AREAS AND SURROUNDS"
"XBDH   ","APARTMENT"
"XBDH   ","FLAT - RESIDENTIAL"
"XBDH   ","HOUSEHOLD AREA"
"XBDH   ","RESIDENTIAL STRUCTURE"
"XBDH1  ","BENCH TOPS"
"XBDH1  ","CUPBOARDS"
"XBDH1  ","KITCHEN FLOOR"
"XBDH1  ","WALL SURFACE"
"XBDHZ  ","PRIOR TO CONSTRUCTION"
"XBDHZ  ","UNDER SLAB"
"XBDI   ","INTERNAL AREAS & SURROUNDS"
"XBDM   ","FOOD PREPARATION AREA"
"XBDM   ","FOOD STORAGE AREA"
"XBDM   ","INDOOR DOMESTIC AREA"
"XBDM   ","LIVING AREA"
"XBDM   ","OUTDOORS"
"XBDM   ","SLEEPING AREA"
"XBDR   ","REFER TO LABEL"
"XBDR   ","RESIDENTIAL AREAS"
"XBEH   ","EGG HANDLING AREA OF POULTRY"
"XBFB   ","SITUATIONS"
"XBG    ","COMMERCIAL BUILDING"
"XBG    ","DOMESTIC BUILDING"
"XBG    ","EXTERNAL"
"XBG    ","IN AND AROUND"
"XBG    ","INDUSTRIAL BUILDING"
"XBG    ","OFFICE"
"XBG    ","PUBLIC BUILDING"
"XBG    ","RESIDENTIAL PREMISES"
"XBG    ","SLAB-ON-GROUND INIFILL"
"XBGA   ","CHEMICAL SOIL BARRIER"
"XBGA   ","CHEMICAL SOIL TREATMENT ZONES"
"XBGA   ","COMMERCIAL, INDUSTRIAL"
"XBGA   ","DOMESTIC, OFFICE, PUBLIC,"
"XBGA   ","EXTERNAL USE ONLY"
"XBGA   ","NEW BUILDINGS AND STRUCTURES"
"XBGA   ","UNDER AND AROUND"
"XBGAB  ","ARMY BARRACKS"
"XBGE   ","BUILDING - EMPTY"
"XBGE   ","BUILDING - VACANT"
"XBGE   ","BUILDING WITH FORCED DRAUGHT"
"XBGE   ","BUILDING WITH NATURAL DRAUGHT"
"XBGEA  ","BIRD CAGE"
"XBGEA  ","BIRD HOUSING"
"XBGPC  ","BARRIER TREATMENTS"
"XBGPC  ","EXISTING BUILDING"
"XBGQPS ","CRITICAL USE EXEMPTION (CUE)"
"XBGQPS ","QUARATINE & PRE-SHIPMENT(QPS)"
"XBGW   ","BATH"
"XBGW   ","BATHROOM SURFACES"
"XBGW   ","CURTAINS (SHOWER)"
"XBGW   ","LAVATORIES"
"XBGW   ","SHOWER RECESS"
"XBGW   ","TOILET"
"XBGW   ","VANITY"
"XBGZ   ","PRIOR TO CONSTRUCTION"
"XBGZ   ","UNDER SLAB"
"XBIAZ  ","PRIOR TO CONSTRUCTION"
"XBIAZ  ","UNDER SLAB"
"XBIE   ","EXTERNAL AREAS AND SURROUNDS"
"XBIE1  ","1/ EXTERNAL COVERED AREAS OF -"
"XBIE1  ","DOMESTIC, COMMERCIAL BUILDINGS"
"XBIE1  ","PUBLIC, INDUSTRIAL BUILDINGS"
"XBII   ","INTERNAL AREAS & SURROUNDS"
"XBISF  ","FACTORY"
"XBISF  ","SITE"
"XBIZ   ","PRIOR TO CONSTRUCTION"
"XBIZ   ","UNDER SLAB"
"XBLO1  ","SILO-WITHOUT PLASTIC SHEETING"
"XBPE   ","EXTERNAL AREAS AND SURROUNDS"
"XBPH   ","MEDICAL CENTRE"
"XBPHS  ","HOSPITAL"
"XBPHS  ","MEDICAL CENTRE"
"XBPI   ","INTERNAL AREAS & SURROUNDS"
"XBPP   ","PUBLIC SERVICE BUILDING"
"XBPS   ","CLASSROOM"
"XBPS   ","COLLEGE"
"XBPZ   ","PRIOR TO CONSTRUCTION"
"XBPZ   ","PUBLIC PREMISES"
"XBPZ   ","UNDER SLAB"
"XBSF   ","LESS THAN 400MM CRAWL SPACE"
"XBSF   ","POST CONSTRUCTION"
"XBSF   ","PRE CONSTRUCTION"
"XBSH1  ","CALF SHED"
"XBSH1  ","GOAT SHED"
"XBSH1  ","POULTRY SHED"
"XBSH1  ","SHEEP SHED"
"XBSU   ","POST CONSTRUCTION"
"XBSU   ","PRE CONSTRUCTION"
"XBTEB  ","PERIMETER"
"XBTEB  ","SERVICE PENETRATION TREATMENT"
"XBXCB  ","BUILDING"
"XBXCB  ","EXISTING BUILDING"
"XBXCB  ","NEW BUILDING"
"XBXCB  ","PERIMETER BARRIER"
"XBXCB  ","POST CONSTRUCTION"
"XBXCBL ","BESSER BLOCK"
"XBXCBL ","BUILDING BLOCK"
"XBXCBL ","CONCRETE BLOCK"
"XBXCBW ","BRICK STRUCTURES"
"XBXCBW ","BRICK WALL"
"XBXCBW ","BRICKS"
"XBXCBW ","PATH"
"XBXCBW ","PAVING"
"XBXCBW ","WALL"
"XBXCF  ","EXISTING BUILDING"
"XBXCF  ","NEW BUILDING"
"XBXCF  ","PERIMETER BARRIER"
"XBXCF  ","VERTICAL BARRIER"
"XBXCR  ","SHINGLE"
"XBXCR  ","SLATE"
"XBXCSG ","CEILING"
"XBXCSG ","EXTERNAL SURFACES"
"XBXCSG ","FLASHING"
"XBXCSG ","FLOOR"
"XBXCSG ","INTERNAL SURFACES"
"XBXCSG ","ROOF"
"XBXCSG ","UNDER EAVES"
"XBXCSG ","WALL"
"XBXCTG ","BATHROOM"
"XBXCTG ","KITCHEN"
"XBXCTG ","LAUNDRY"
"XBXCTG ","SHOWER"
"XBXCTG ","TOILET"
"XBXCTG ","WET AREA SURFACES"
"XBXCWS ","CONCRETE WALL"
"XBXCWS ","FIBRO WALL"
"XBXCWS ","TILE WALL"
"XBXSC  ","COMMERCIAL BUILDING"
"XBXSC  ","RESIDENTIAL BUILDING"
"XBXSC  ","VOID"
"XBXSCC ","BEHIND KITCHEN FITTINGS"
"XBXSCC ","COMMERCIAL BUILDING"
"XBXSCC ","CRACKS"
"XBXSCC ","CREVICES"
"XBXSCC ","RESIDENTIAL BUILDING"
"XBXSRV ","ATTIC"
"XBXSRV ","LOFT"
"XCAL","PRE-EMERGENCE INCORPORATED BY SOWING"
"XCAP   ","ANTS"
"XCCP   ","BOOT"
"XCCP   ","GLOVE"
"XCCP   ","OVERALL"
"XCCP   ","SHOE"
"XCCP   ","SUIT"
"XCEE   ","HIGH & LOW VOLTAGE"
"XCEP","EARLY POST EMERGENCE"
"XEMV1  ","BULK MILK VAT"
"XERS   ","CAVITY INFILL"
"XERS   ","FOOTING BARRIERS"
"XERS   ","PENETRATION TREATMENT"
"XERS   ","PERIMETER &/OR SERVICE"
"XERS   ","PRE AND POST CONSTRUCTION"
"XERS   ","PROTECTION OF BUILDINGS"
"XERS   ","RETERM RETICULATION SYSTEMS"
"XERS   ","UNDERSLAB"
"XEVS   ","OBSTETRICAL EQUIPMENT"
"XFAW   ","CANVAS AWNING"
"XFAW   ","WINDOW BLIND"
"XFC    ","CHAIR"
"XFC    ","FURNITURE"
"XFC    ","TABLE"
"XFCQPS ","CRITICAL USE EXEMPTION (CUE)"
"XFCQPS ","QUARANTINE & PRE-SHIPMENT(QPS)"
"XFG    ","BEDS"
"XFISU  ","COUCH"
"XFISU  ","DIVAN"
"XFISU  ","LOUNGE"
"XFISU  ","SETTEE"
"XFIT   ","INDOOR TABLE/BENCH"
"XFIT   ","OUTDOOR TABLE/BENCH"
"XFLUR  ","ATTRACTING MALE FLY"
"XFLUR  ","MONITORING PURPOSES"
"XFO    ","GARDEN FURNITURE"
"XFO    ","PATIO UMBRELLA"
"XG     ","ANIMAL HOUSING"
"XG     ","HOUSE"
"XG     ","SHED"
"XG     ","WALL"
"XGADF  ","REF:ADFP 705 PESTICIDES MANUAL"
"XHCM   ","DECOMPOSED COMPOST"
"XHCMDQP","CRITICAL USE EXEMPTION (CUE)"
"XHCMDQP","QUARANTINE & PRE-SHIPMENT(QPS)"
"XHGM   ","INERT GROWING MEDIUM"
"XHGM   ","NON-ORGANIC GROWING MEDIUM"
"XHPP   ","FLOWER POTS"
"XHPP   ","PLANT POT HOLDER"
"XHPP   ","PLANTER BOXES"
"XHR    ","AROUND PONDS"
"XLAT   ","ARTIFICIAL GRASS"
"XLAT   ","ASTRO TURF"
"XLCG   ","SEE LABEL FOR PLANTS"
"XLCOS  ","< 50L CAPACITY"
"XLCOS  ","> 50L CAPACITY"
"XLCOS  ","ARTIFICAL CONTAINERS"
"XLDD   ","GULLY"
"XLDO   ","AIR VENTS"
"XLDO   ","AROUND DOORS"
"XLDO   ","AROUND FOUNDATIONS"
"XLDO   ","BEHIND DOWNPIPES"
"XLDO   ","CRACKS"
"XLDO   ","CREVICES"
"XLDO   ","CUBBY HOUSE"
"XLDO   ","DECKS"
"XLDO   ","EAVES"
"XLDO   ","GARBAGE BIN"
"XLDO   ","HOME GARDENS"
"XLDO   ","OUTSIDE HOUSEHOLD"
"XLDO   ","PERGOLAS"
"XLDO   ","PLANTPOTS"
"XLDO   ","RESIDENTIAL STRUCTURE - AROUND"
"XLDO   ","ROCKS"
"XLDO   ","UNDER GUTTERS"
"XLDO   ","UNDER WINDOW FRAMES"
"XLDO   ","UNDERSIDE OF OUTDOOR FURNITURE"
"XLEFC  ","CURBSIDE"
"XLHUT  ","BOAT"
"XLHUT  ","SHIP"
"XLHUT  ","WOOD HULL"
"XLIC   ","CANAL"
"XLIC   ","TAIL DRAINS"
"XLINT  ","TELECOM"
"XLINT  ","TELSTRA"
"XLKY   ","LIVING AREA OF DOGS"
"XLLNP  ","NATIONAL PARKS & WILDLIFE SERV"
"XLMST  ","SHEETS"
"XLNR   ","NEARBY SURFACES"
"XLNR   ","NESTING MATERIAL"
"XLNR   ","ROOSTING SURFACES"
"XLOBK  ","GOLF BUNKER"
"XLOBKF ","GOLF BUNKER"
"XLOC   ","COMMERCIAL AND HOUSEHOLD ITEMS"
"XLOC   ","SHIPPING CONTAINER"
"XLOC   ","UNDER GAS PROOF SHEET"
"XLOC1  ","SHIPPING CONTAINER"
"XLOCP  ","OUTDOOR CARPET"
"XLODR  ","DOORWAY"
"XLOG   ","WHEELIE BIN"
"XLPL   ","GROWING MEDIA"
"XLPL   ","SOIL"
"XLROAD","roadsides"
"XLROW  ","around guide posts, power lines and telephone lines"
"XLROW  ","FIRE-BREAKS"
"XLROW  ","RAIL TRACKS"
"XLROW  ","ROAD SIDES"
"XLROW  ","ROADWAYS"
"XLRST  ","SPORTING FIELD - MUNICIPAL"
"XLRSTL ","SEE LABEL FOR VARIETIES"
"XLRSTL ","SPORTING FIELD - MUNICIPAL"
"XLS    ","ARTIFICIAL GRASS"
"XLS    ","BRICKS"
"XLS    ","COATINGS"
"XLS    ","CONCRETE"
"XLS    ","FIBRO"
"XLS    ","TILE"
"XLSD   ","STORM WATER DRAIN"
"XLSE   ","MOULDY PAINTWORK"
"XLSFG  ","BOAT HULL"
"XLSFG  ","FIBREGLASS HULL"
"XLSFG  ","SHIP HULL"
"XLSFS  ","SHIP - STEEL HULL"
"XLSG   ","LINE MARKINGS"
"XLSG   ","SPORTS STADIUMS"
"XLSTY  ","STIES"
"XLSW   ","SANITARY"
"XLSW   ","SEPTIC"
"XLSW   ","STORMWATER"
"XLSW   ","SULLAGE"
"XNEW   ","PRINCIPLES"
"XNEW   ","PROPERTY MANAGEMENT PLANNING"
"XNPL   ","FALLOW"
"XNPL   ","PASTURE"
"XNPL   ","SUMMER CROP"
"XNPL   ","WINTER CROP"
"XNST   ","ESTABLISHING CROPS"
"XNST   ","IMPROVED PASTURE SPECIES"
"XNST1  ","SEED FORMATION"
"XNST1  ","SEED HEAD EMERGENCE"
"XNWA   ","COTTON"
"XNWA   ","PEANUT"
"XNWA   ","ROW CROP"
"XNWA   ","SOYBEAN"
"XNWA   ","SUGAR CANE"
"XNWA   ","WEED WAND APPLICATION"
"XOSS   ","SAND STONE"
"XOSUIT ","LUGGAGE"
"XPCLO  ","AWNING"
"XPCLO  ","CAMPING GEAR"
"XPCLO  ","CLOTH"
"XPCLO  ","CONCRETE"
"XPCLO  ","CONVERTIBLE TOPS"
"XPCLO  ","FLASHING"
"XPCLO  ","GARDEN STATUE"
"XPCLO  ","LANDSCAPING ROCKS"
"XPCLO  ","MAIL BOX"
"XPCLO  ","MASONRY"
"XPCLO  ","METAL"
"XPCLO  ","MOBILE HOME"
"XPCLO  ","PAINT SURFACES"
"XPCLO  ","PLASTIC"
"XPCLO  ","STEPPING STONES"
"XPCLO  ","STEPS"
"XPCLO  ","TARPAULIN"
"XPCLO  ","TOMBSTONE"
"XPCLO  ","TRELLIS WORK"
"XPCLO  ","WOOD SURFACES"
"XPDOP  ","VECTOR CONTROL"
"XPEN   ","ANIMAL SHED ENTRY POINTS"
"XPEN   ","HOME ENTRY POINTS"
"XPFA   ","FOLIAR SPRAY"
"XPFA   ","GAS GUN"
"XPFA   ","HANDGUN"
"XPFA   ","HIGH VOLUME"
"XPFA   ","KNAPSACK"
"XPFA   ","LOW VOLUME"
"XPFA   ","MISTING MACHINE"
"XPFA   ","ORCHARD SPRAYING"
"XPFA   ","SPLATTER GUN"
"XPFA   ","ULV (ULTRA LOW VOLUME)"
"XPFA   ","VEGETABLE SPRAYING"
"XPGEN  ","DAIRIES"
"XPGEN  ","HATCHERIES"
"XPGEN  ","PIGGERIES"
"XPJS   ","SHEEP"
"XPLU4  ","POPULATION MONITORING"
"XPPSS  ","minimal soil disturbance"
"XPRT   ","PLANTING ORNAMENTAL"
"XPRT   ","REPOTTING ORNAMENTAL"
"XPRT   ","TRANSPLANTING ORNAMENTAL"
"XPSAN  ","CARNATION"
"XPSAN  ","CHRYSANTHEMUM"
"XPSAN  ","CUT FLOWER"
"XPSAN  ","ROSE IN GREEN/SHADE HOUSE"
"XPSB   ","REFER TO LABEL"
"XPSB   ","RING WEEDING"
"XPSB   ","STRIP SPRAYING"
"XPSP   ","BUILDING POLE"
"XPSP   ","FENCE POST"
"XPSP   ","NEW & EXISTING POLES"
"XPSP   ","PALINGS"
"XPSP   ","SERVICE POLES"
"XPSP   ","TRANSMISSION POLE"
"XPTFF  ","(NOT FOR BEDDING LINEN OR"
"XPTFF  ","PILLOW COVERS)"
"XPTFF  ","REFER TO LABEL"
"XPWD   ","NON FOOD CROPS ONLY"
"XRW    ","SPOT TREATMENT"
"XRW    ","WEED CONTROL"
"XSAG   ","BINS"
"XSAG   ","BUILDING SURFACE"
"XSAG   ","MACHINERY"
"XSAG   ","SILO"
"XSC1   ","REFER TO LABEL FOR EXEMPTIONS"
"XSC2   ","REFER TO LABEL FOR EXCEPTION"
"XSCQPS ","CRITICAL USE EXEMPTION (CUE)"
"XSCQPS ","QUARANTINE & PRESHIPMENT (QPS)"
"XSF","Prior to sowing summer crops or starting a summer fallow"
"XSGFT  ","TRITICALE STORED GRAIN FEED"
"XSGFW  ","WHEAT"
"XSGST  ","TRITICALE STORED SEED GRAIN"
"XSGSW  ","WHEAT"
"XSST   ","STACKS OF BAGS"
"XSTM   ","INSECT GROWTH REGULATOR"
"XTCS   ","TIMBER - HAZARD CLASS(H2)"
"XTF    ","LOG"
"XTF    ","POLE"
"XTF    ","POST"
"XTFF   ","IN SITU TIMBERS"
"XTFF   ","LOGS"
"XTFF   ","POLES"
"XTFF   ","POSTS"
"XTSP   ","2.5MM HARDWOOD VENEER"
"XTSP   ","2.5MM SOFTWOOD VENEER H2"
"XTSP   ","2.5MM THICK VENEER PLYWOOD H2"
"XTSP   ","3.2MM HARDWOOD VENEER"
"XTSP   ","3.2MM SOFTWOOD VENEER"
"XTSP   ","3.2MM THICK VENEER PLYWOOD H2"
"XTSP   ","3.5MM HARDWOOD VENEER"
"XTSP   ","3.85MM SOFTWOOD VENEER PLYWOOD H2"
"XTSP   ","3.85MM VENEER PLYWOOD"
"XTSP   ","3.8MM HARDWOOD VENEER PLYWOOD"
"XTSP   ","4.3MM THICK VENEER FOR H2"
"XTSP   ","4.8MM SOFTWOOD VENEER PLYWOOD"
"XTSP   ","5.15MM SOFTWOOD VENEER PLYWOOD H2"
"XTSP   ","5.15MM VENEER PLYWOOD"
"XTSP   ","DURABILITY 1, 2 AND 3 PLYWOOD"
"XTSP   ","LVL IN HAZARD CLASS 2"
"XTSP1  ","2.2MM PLYWOOD VENEER"
"XTSP1  ","LVL HAZARD CLASS H1"
"XTSP2  ","HAZARD CLASS H2"
"XTSP2  ","LVL"
"XTSP2  ","UP TO 3.8MM THICK VENEER"
"XTSW   ","Other softwood components"
"XV     ","BOAT"
"XV     ","CAR"
"XV     ","SHIP"
"XV     ","TRUCK"
"XVTB   ","PROPELLERS"
"XVTB   ","RUNNING GEAR"
"XVTB   ","STERN DRIVES"
"XVTBA  ","ALUMINIUM BOAT"
"XVTP   ","AEROPLANE"
"XVTP   ","PLANE"
"XVTPH  ","CARGO HOLD"
"XVTPI  ","AEROPLANE"
"XVTPI  ","PLANE"
"XVTS   ","BOAT"
"XVTS   ","LINER"
"XVTS   ","OCEAN LINER"
"XVTS   ","VESSEL"
"XVTS1  ","BOAT"
"XVTS1  ","LINER"
"XVTS1  ","OCEAN LINER"
"XVTS1  ","SHIP"
"XVTS1  ","VESSEL"
"XVTS2  ","FIBREGLASS HULL"
"XVTS2  ","STEEL HULL"
"XVTS2  ","TIMBER HULL"
"XVTS3  ","FIBREGLASS HULL"
"XVTS3  ","STEEL HULL"
"XVTS3  ","TIMBER HULL"
"XVTS4  ","ALUMINIUM"
"XVTSCH ","BOAT"
"XVTSCH ","CARGO HOLD"
"XVTTC  ","HOLIDAY VAN"
"XVTTC  ","TRAILER"
"XWAWH  ","BIRDBATH"
"XWAWH  ","GUTTERS"
"XWAWH  ","PLANT POT HOLDER"
"XWAWH  ","WATER TROUGH"
"XWNWH  ","ESTUARINE AREAS"
"XWNWH  ","FRESHWATER LAGOON"
"XWNWH  ","FRESHWATER MARSHES"
"XWNWH  ","FRESHWATER SWAMPS"
"XWNWH  ","MANGROVE SWAMPS"
"XWNWH  ","PONDS AND POOLS"
"XWNWH  ","SALT LAGOON"
"XWNWH  ","SALT MARSHES"
"XWNWH  ","WOODLAND POOLS"
"XWRES  ","COUNTRY SERVICE"
"XWRES  ","INDIRECT STORAGE"
"XWRES  ","METRO SERVICE"
"XWRES  ","WATER SUPPLY"
"XWRES1 ","COUNTRY RESERVOIRS"
"XWRES1 ","DIRECT METRO SERVICE"
"XWRES1 ","INDIRECT STORAGE"
"XWRES1 ","PIPELINE BALANCING STORAGE"
"XWRES1 ","WATER SUPPLY"
"XWRES2 ","BITTERN"
"XWRES2 ","BRIERLY BASIN"
"XWRES2 ","CODBEN BASIN"
"XWRES2 ","DEVILBEND"
"XWRES2 ","DONALDS HILL RESERVOIR"
"XWRES2 ","EWANS HILL RESERVOIR"
"XWRES2 ","GARFIELD"
"XWRES2 ","GREENVALE"
"XWRES2 ","MORNINGTON"
"XWRES2 ","PAKENHAM"
"XWRES2 ","PLANTATION ROAD STORAGE"
"XWRES2 ","SILVAN"
"XWRES2 ","SIMPSON BASIN"
"XWRES2 ","SUGARLOAF"
"XWRES2 ","TARAGO"
"XWRES2 ","TARK HILL RESERVOIR"
"XWRES2 ","TYNONG"
"XWRES2 ","WARRNAMBOOL STORAGE"
"XWRES2 ","YAN YEAN"
"XWSG   ","FISH CREEK"
"XWSG   ","FOSTER"
"XWSG   ","KORUMBURRA"
"XWSG   ","LANCE CREEK"
"XWSG   ","LEONGATHA"
"XWSG   ","MEENIYAN"
"XWSG   ","POOWONG"
"XWSG   ","WATER RESERVIOR"
"XWSG   ","YARRAM"
"XXWDS  ","SEE LABEL"
"ZPASE  ","BRACHARIA HUMIDICOLA"
"ZPASE  ","BRACHIARA DECUMBENS"
"ZPASE  ","PANGOLA SPP"
"ZPASE  ","SETARIA SPP"
"ZPIL   ","ARTILLERY PLANT"
"ZPIL   ","MILITARY FERN"
